-- phpMyAdmin SQL Dump
-- version 4.2.12deb2+deb8u3
-- http://www.phpmyadmin.net
--
-- Servidor: localhost
-- Tiempo de generación: 12-09-2018 a las 18:44:15
-- Versión del servidor: 5.5.60-0+deb8u1
-- Versión de PHP: 7.0.27-0+deb9u1~bpo8+1

SET SQL_MODE = "NO_AUTO_VALUE_ON_ZERO";
SET time_zone = "+00:00";


/*!40101 SET @OLD_CHARACTER_SET_CLIENT=@@CHARACTER_SET_CLIENT */;
/*!40101 SET @OLD_CHARACTER_SET_RESULTS=@@CHARACTER_SET_RESULTS */;
/*!40101 SET @OLD_COLLATION_CONNECTION=@@COLLATION_CONNECTION */;
/*!40101 SET NAMES utf8 */;

--
-- Base de datos: `BDInvernadero`
--

-- --------------------------------------------------------

--
-- Estructura de tabla para la tabla `actuador`
--

CREATE TABLE IF NOT EXISTS `actuador` (
`IdActuador` int(11) NOT NULL,
  `Nombre` varchar(30) NOT NULL,
  `Caracteristicas` varchar(500) NOT NULL,
  `Estado` varchar(11) NOT NULL,
  `IdSensor` int(11) NOT NULL
) ENGINE=InnoDB AUTO_INCREMENT=3 DEFAULT CHARSET=latin1;

--
-- Volcado de datos para la tabla `actuador`
--

INSERT INTO `actuador` (`IdActuador`, `Nombre`, `Caracteristicas`, `Estado`, `IdSensor`) VALUES
(1, 'Motor DC', 'Mtr DC', 'On', 18),
(2, 'Electrovalvula', 'Valvula solenoide, su principal funcion es abrir o cerrar el paso de cualquier componente liquido.Su voltaje es de 12V y consume una corriente de 200 mA', 'Off', 19);

-- --------------------------------------------------------

--
-- Estructura de tabla para la tabla `dato`
--

CREATE TABLE IF NOT EXISTS `dato` (
`IdDato` int(11) NOT NULL,
  `Dato` int(11) NOT NULL,
  `Tipo` varchar(30) NOT NULL,
  `IdSensor` int(11) NOT NULL,
  `Fecha` date NOT NULL,
  `Hora` time NOT NULL
) ENGINE=InnoDB AUTO_INCREMENT=1687 DEFAULT CHARSET=latin1;

--
-- Volcado de datos para la tabla `dato`
--

INSERT INTO `dato` (`IdDato`, `Dato`, `Tipo`, `IdSensor`, `Fecha`, `Hora`) VALUES
(86, 20, 'Humedad', 18, '2018-08-22', '10:43:51'),
(87, 22, 'Temperatura', 18, '2018-08-22', '10:43:51'),
(88, 23, 'Humedad', 18, '2018-08-22', '10:55:23'),
(89, 22, 'Temperatura', 18, '2018-08-22', '10:55:23'),
(90, 20, 'Humedad', 18, '2018-08-22', '10:57:32'),
(91, 22, 'Temperatura', 18, '2018-08-22', '10:57:32'),
(92, 20, 'Humedad', 18, '2018-08-22', '10:58:37'),
(93, 22, 'Temperatura', 18, '2018-08-22', '10:58:37'),
(94, 20, 'Humedad', 18, '2018-08-22', '10:59:22'),
(95, 22, 'Temperatura', 18, '2018-08-22', '10:59:22'),
(96, 20, 'Humedad', 18, '2018-08-22', '10:59:33'),
(97, 22, 'Temperatura', 18, '2018-08-22', '10:59:33'),
(98, 20, 'Humedad', 18, '2018-08-22', '11:01:33'),
(99, 22, 'Temperatura', 18, '2018-08-22', '11:01:33'),
(100, 20, 'Humedad', 18, '2018-08-22', '11:02:44'),
(101, 22, 'Temperatura', 18, '2018-08-22', '11:02:44'),
(102, 20, 'Humedad', 18, '2018-08-22', '11:03:48'),
(103, 22, 'Temperatura', 18, '2018-08-22', '11:03:48'),
(104, 20, 'Humedad', 18, '2018-08-22', '11:04:45'),
(105, 22, 'Temperatura', 18, '2018-08-22', '11:04:45'),
(106, 30, 'Humedad', 18, '2018-08-22', '11:05:04'),
(107, 25, 'Temperatura', 18, '2018-08-22', '11:05:04'),
(108, 20, 'Humedad', 18, '2018-08-22', '11:05:33'),
(109, 22, 'Temperatura', 18, '2018-08-22', '11:05:33'),
(110, 24, 'Humedad', 18, '2018-08-22', '11:06:47'),
(111, 23, 'Temperatura', 18, '2018-08-22', '11:06:47'),
(112, 20, 'Humedad', 18, '2018-08-22', '11:07:06'),
(113, 22, 'Temperatura', 18, '2018-08-22', '11:07:06'),
(114, 20, 'Humedad', 18, '2018-08-22', '11:08:49'),
(115, 22, 'Temperatura', 18, '2018-08-22', '11:08:49'),
(116, 20, 'Humedad', 18, '2018-08-22', '11:09:06'),
(117, 22, 'Temperatura', 18, '2018-08-22', '11:09:06'),
(118, 20, 'Humedad', 18, '2018-08-22', '11:10:49'),
(119, 22, 'Temperatura', 18, '2018-08-22', '11:10:49'),
(120, 20, 'Humedad', 18, '2018-08-22', '11:11:06'),
(121, 22, 'Temperatura', 18, '2018-08-22', '11:11:06'),
(122, 20, 'Humedad', 18, '2018-08-22', '11:11:15'),
(123, 22, 'Temperatura', 18, '2018-08-22', '11:11:15'),
(124, 20, 'Humedad', 18, '2018-08-22', '11:11:36'),
(125, 22, 'Temperatura', 18, '2018-08-22', '11:11:36'),
(126, 20, 'Humedad', 18, '2018-08-22', '11:12:00'),
(127, 22, 'Temperatura', 18, '2018-08-22', '11:12:00'),
(128, 19, 'Humedad', 18, '2018-08-22', '11:12:49'),
(129, 24, 'Temperatura', 18, '2018-08-22', '11:12:49'),
(130, 20, 'Humedad', 18, '2018-08-22', '11:13:06'),
(131, 22, 'Temperatura', 18, '2018-08-22', '11:13:06'),
(132, 19, 'Humedad', 18, '2018-08-22', '11:13:36'),
(133, 24, 'Temperatura', 18, '2018-08-22', '11:13:36'),
(134, 19, 'Humedad', 18, '2018-08-22', '11:14:02'),
(135, 24, 'Temperatura', 18, '2018-08-22', '11:14:02'),
(136, 20, 'Humedad', 18, '2018-08-22', '11:15:09'),
(137, 22, 'Temperatura', 18, '2018-08-22', '11:15:09'),
(138, 19, 'Humedad', 18, '2018-08-22', '11:15:38'),
(139, 24, 'Temperatura', 18, '2018-08-22', '11:15:38'),
(140, 20, 'Humedad', 18, '2018-08-22', '11:16:02'),
(141, 22, 'Temperatura', 18, '2018-08-22', '11:16:02'),
(142, 20, 'Humedad', 18, '2018-08-22', '11:16:50'),
(143, 22, 'Temperatura', 18, '2018-08-22', '11:16:50'),
(144, 20, 'Humedad', 18, '2018-08-22', '11:17:11'),
(145, 22, 'Temperatura', 18, '2018-08-22', '11:17:11'),
(146, 19, 'Humedad', 18, '2018-08-22', '11:17:40'),
(147, 23, 'Temperatura', 18, '2018-08-22', '11:17:40'),
(148, 19, 'Humedad', 18, '2018-08-22', '11:18:02'),
(149, 23, 'Temperatura', 18, '2018-08-22', '11:18:02'),
(150, 19, 'Humedad', 18, '2018-08-22', '11:19:11'),
(151, 23, 'Temperatura', 18, '2018-08-22', '11:19:11'),
(152, 20, 'Humedad', 18, '2018-08-22', '11:20:02'),
(153, 22, 'Temperatura', 18, '2018-08-22', '11:20:02'),
(154, 20, 'Humedad', 18, '2018-08-22', '11:20:19'),
(155, 22, 'Temperatura', 18, '2018-08-22', '11:20:19'),
(156, 20, 'Humedad', 18, '2018-08-22', '11:21:11'),
(157, 22, 'Temperatura', 18, '2018-08-22', '11:21:11'),
(158, 19, 'Humedad', 18, '2018-08-22', '11:21:42'),
(159, 23, 'Temperatura', 18, '2018-08-22', '11:21:42'),
(160, 19, 'Humedad', 18, '2018-08-22', '11:22:03'),
(161, 23, 'Temperatura', 18, '2018-08-22', '11:22:03'),
(162, 20, 'Humedad', 18, '2018-08-22', '11:22:52'),
(163, 22, 'Temperatura', 18, '2018-08-22', '11:22:52'),
(164, 20, 'Humedad', 18, '2018-08-22', '11:23:13'),
(165, 22, 'Temperatura', 18, '2018-08-22', '11:23:13'),
(166, 20, 'Humedad', 18, '2018-08-22', '11:23:44'),
(167, 22, 'Temperatura', 18, '2018-08-22', '11:23:44'),
(168, 20, 'Humedad', 18, '2018-08-22', '11:24:03'),
(169, 22, 'Temperatura', 18, '2018-08-22', '11:24:03'),
(170, 20, 'Humedad', 18, '2018-08-22', '11:25:13'),
(171, 22, 'Temperatura', 18, '2018-08-22', '11:25:13'),
(172, 20, 'Humedad', 18, '2018-08-22', '11:25:45'),
(173, 22, 'Temperatura', 18, '2018-08-22', '11:25:45'),
(174, 20, 'Humedad', 18, '2018-08-22', '11:26:09'),
(175, 22, 'Temperatura', 18, '2018-08-22', '11:26:09'),
(176, 20, 'Humedad', 18, '2018-08-22', '11:26:54'),
(177, 22, 'Temperatura', 18, '2018-08-22', '11:26:54'),
(178, 17, 'Humedad', 18, '2018-08-22', '11:27:16'),
(179, 24, 'Temperatura', 18, '2018-08-22', '11:27:16'),
(180, 17, 'Humedad', 18, '2018-08-22', '11:27:45'),
(181, 25, 'Temperatura', 18, '2018-08-22', '11:27:45'),
(182, 18, 'Humedad', 18, '2018-08-22', '11:28:05'),
(183, 26, 'Temperatura', 18, '2018-08-22', '11:28:05'),
(184, 18, 'Humedad', 18, '2018-08-22', '11:28:55'),
(185, 25, 'Temperatura', 18, '2018-08-22', '11:28:55'),
(186, 19, 'Humedad', 18, '2018-08-22', '11:29:18'),
(187, 24, 'Temperatura', 18, '2018-08-22', '11:29:18'),
(188, 19, 'Humedad', 18, '2018-08-22', '11:30:05'),
(189, 24, 'Temperatura', 18, '2018-08-22', '11:30:05'),
(190, 19, 'Humedad', 18, '2018-08-22', '11:30:55'),
(191, 24, 'Temperatura', 18, '2018-08-22', '11:30:55'),
(192, 19, 'Humedad', 18, '2018-08-22', '11:31:18'),
(193, 24, 'Temperatura', 18, '2018-08-22', '11:31:18'),
(194, 19, 'Humedad', 18, '2018-08-22', '11:31:45'),
(195, 23, 'Temperatura', 18, '2018-08-22', '11:31:45'),
(196, 19, 'Humedad', 18, '2018-08-22', '11:32:30'),
(197, 23, 'Temperatura', 18, '2018-08-22', '11:32:30'),
(198, 19, 'Humedad', 18, '2018-08-22', '11:32:55'),
(199, 23, 'Temperatura', 18, '2018-08-22', '11:32:55'),
(200, 20, 'Humedad', 18, '2018-08-22', '11:33:18'),
(201, 22, 'Temperatura', 18, '2018-08-22', '11:33:18'),
(202, 20, 'Humedad', 18, '2018-08-22', '11:33:45'),
(203, 22, 'Temperatura', 18, '2018-08-22', '11:33:45'),
(204, 20, 'Humedad', 18, '2018-08-22', '11:34:31'),
(205, 22, 'Temperatura', 18, '2018-08-22', '11:34:31'),
(206, 20, 'Humedad', 18, '2018-08-22', '11:34:45'),
(207, 22, 'Temperatura', 18, '2018-08-22', '11:34:45'),
(208, 20, 'Humedad', 18, '2018-08-22', '11:34:55'),
(209, 22, 'Temperatura', 18, '2018-08-22', '11:34:55'),
(210, 20, 'Humedad', 18, '2018-08-22', '11:35:20'),
(211, 22, 'Temperatura', 18, '2018-08-22', '11:35:20'),
(212, 20, 'Humedad', 18, '2018-08-22', '11:35:45'),
(213, 22, 'Temperatura', 18, '2018-08-22', '11:35:45'),
(214, 28, 'Humedad', 18, '2018-08-22', '11:36:55'),
(215, 26, 'Temperatura', 18, '2018-08-22', '11:36:55'),
(216, 18, 'Humedad', 18, '2018-08-22', '11:37:21'),
(217, 26, 'Temperatura', 18, '2018-08-22', '11:37:21'),
(218, 18, 'Humedad', 18, '2018-08-22', '11:37:46'),
(219, 26, 'Temperatura', 18, '2018-08-22', '11:37:46'),
(220, 18, 'Humedad', 18, '2018-08-22', '11:38:06'),
(221, 25, 'Temperatura', 18, '2018-08-22', '11:38:06'),
(222, 18, 'Humedad', 18, '2018-08-22', '11:38:31'),
(223, 25, 'Temperatura', 18, '2018-08-22', '11:38:31'),
(224, 19, 'Humedad', 18, '2018-08-22', '11:38:51'),
(225, 24, 'Temperatura', 18, '2018-08-22', '11:38:51'),
(226, 19, 'Humedad', 18, '2018-08-22', '11:38:57'),
(227, 24, 'Temperatura', 18, '2018-08-22', '11:38:57'),
(228, 19, 'Humedad', 18, '2018-08-22', '11:39:21'),
(229, 24, 'Temperatura', 18, '2018-08-22', '11:39:21'),
(230, 19, 'Humedad', 18, '2018-08-22', '11:39:46'),
(231, 24, 'Temperatura', 18, '2018-08-22', '11:39:46'),
(232, 19, 'Humedad', 18, '2018-08-22', '11:40:06'),
(233, 23, 'Temperatura', 18, '2018-08-22', '11:40:06'),
(234, 20, 'Humedad', 18, '2018-08-22', '11:40:31'),
(235, 22, 'Temperatura', 18, '2018-08-22', '11:40:31'),
(236, 20, 'Humedad', 18, '2018-08-22', '11:40:51'),
(237, 22, 'Temperatura', 18, '2018-08-22', '11:40:51'),
(238, 20, 'Humedad', 18, '2018-08-22', '11:40:58'),
(239, 22, 'Temperatura', 18, '2018-08-22', '11:40:58'),
(240, 20, 'Humedad', 18, '2018-08-22', '11:41:21'),
(241, 22, 'Temperatura', 18, '2018-08-22', '11:41:21'),
(242, 20, 'Humedad', 18, '2018-08-22', '11:41:46'),
(243, 22, 'Temperatura', 18, '2018-08-22', '11:41:46'),
(244, 20, 'Humedad', 18, '2018-08-22', '11:42:06'),
(245, 22, 'Temperatura', 18, '2018-08-22', '11:42:06'),
(246, 20, 'Humedad', 18, '2018-08-22', '11:42:33'),
(247, 22, 'Temperatura', 18, '2018-08-22', '11:42:33'),
(248, 20, 'Humedad', 18, '2018-08-22', '11:42:58'),
(249, 22, 'Temperatura', 18, '2018-08-22', '11:42:58'),
(250, 20, 'Humedad', 18, '2018-08-22', '11:43:21'),
(251, 22, 'Temperatura', 18, '2018-08-22', '11:43:21'),
(252, 20, 'Humedad', 18, '2018-08-22', '11:43:46'),
(253, 22, 'Temperatura', 18, '2018-08-22', '11:43:46'),
(254, 20, 'Humedad', 18, '2018-08-22', '11:44:08'),
(255, 22, 'Temperatura', 18, '2018-08-22', '11:44:08'),
(256, 20, 'Humedad', 18, '2018-08-22', '11:44:35'),
(257, 22, 'Temperatura', 18, '2018-08-22', '11:44:35'),
(258, 20, 'Humedad', 18, '2018-08-22', '11:45:21'),
(259, 22, 'Temperatura', 18, '2018-08-22', '11:45:21'),
(260, 20, 'Humedad', 18, '2018-08-22', '11:45:46'),
(261, 22, 'Temperatura', 18, '2018-08-22', '11:45:46'),
(262, 20, 'Humedad', 18, '2018-08-22', '11:46:11'),
(263, 22, 'Temperatura', 18, '2018-08-22', '11:46:11'),
(264, 20, 'Humedad', 18, '2018-08-22', '11:46:33'),
(265, 22, 'Temperatura', 18, '2018-08-22', '11:46:33'),
(266, 20, 'Humedad', 18, '2018-08-22', '11:46:38'),
(267, 22, 'Temperatura', 18, '2018-08-22', '11:46:38'),
(268, 20, 'Humedad', 18, '2018-08-22', '11:46:58'),
(269, 22, 'Temperatura', 18, '2018-08-22', '11:46:58'),
(270, 19, 'Humedad', 18, '2018-08-22', '11:47:22'),
(271, 23, 'Temperatura', 18, '2018-08-22', '11:47:22'),
(272, 19, 'Humedad', 18, '2018-08-22', '11:47:47'),
(273, 23, 'Temperatura', 18, '2018-08-22', '11:47:47'),
(274, 19, 'Humedad', 18, '2018-08-22', '11:48:13'),
(275, 23, 'Temperatura', 18, '2018-08-22', '11:48:13'),
(276, 19, 'Humedad', 18, '2018-08-22', '11:48:38'),
(277, 23, 'Temperatura', 18, '2018-08-22', '11:48:38'),
(278, 21, 'Humedad', 18, '2018-08-22', '11:56:21'),
(279, 19, 'Temperatura', 18, '2018-08-22', '11:56:21'),
(280, 21, 'Humedad', 18, '2018-08-22', '11:56:59'),
(281, 19, 'Temperatura', 18, '2018-08-22', '11:56:59'),
(282, 21, 'Humedad', 18, '2018-08-22', '11:50:34'),
(283, 19, 'Temperatura', 18, '2018-08-22', '11:50:34'),
(284, 21, 'Humedad', 18, '2018-08-22', '11:52:34'),
(285, 19, 'Temperatura', 18, '2018-08-22', '11:52:34'),
(286, 42, 'Humedad', 18, '2018-08-22', '11:54:34'),
(287, 28, 'Temperatura', 18, '2018-08-22', '11:54:34'),
(288, 37, 'Humedad', 18, '2018-08-22', '11:58:31'),
(289, 30, 'Temperatura', 18, '2018-08-22', '11:58:31'),
(290, 20, 'Humedad', 18, '2018-08-22', '12:00:31'),
(291, 22, 'Temperatura', 18, '2018-08-22', '12:00:31'),
(292, 21, 'Humedad', 18, '2018-08-22', '12:06:34'),
(293, 19, 'Temperatura', 18, '2018-08-22', '12:06:34'),
(294, 21, 'Humedad', 18, '2018-08-22', '12:08:36'),
(295, 20, 'Temperatura', 18, '2018-08-22', '12:08:36'),
(296, 21, 'Humedad', 18, '2018-08-22', '12:10:37'),
(297, 19, 'Temperatura', 18, '2018-08-22', '12:10:37'),
(298, 21, 'Humedad', 18, '2018-08-22', '12:12:37'),
(299, 19, 'Temperatura', 18, '2018-08-22', '12:12:37'),
(300, 21, 'Humedad', 18, '2018-08-22', '12:14:37'),
(301, 19, 'Temperatura', 18, '2018-08-22', '12:14:37'),
(302, 21, 'Humedad', 18, '2018-08-22', '12:16:37'),
(303, 19, 'Temperatura', 18, '2018-08-22', '12:16:37'),
(304, 21, 'Humedad', 18, '2018-08-23', '07:18:34'),
(305, 19, 'Temperatura', 18, '2018-08-23', '07:18:34'),
(306, 21, 'Humedad', 18, '2018-08-23', '07:19:31'),
(307, 19, 'Temperatura', 18, '2018-08-23', '07:19:31'),
(308, 21, 'Humedad', 18, '2018-08-23', '07:20:35'),
(309, 19, 'Temperatura', 18, '2018-08-23', '07:20:35'),
(310, 28, 'Humedad', 18, '2018-08-23', '07:21:32'),
(311, 21, 'Temperatura', 18, '2018-08-23', '07:21:32'),
(312, 21, 'Humedad', 18, '2018-08-23', '07:22:37'),
(313, 19, 'Temperatura', 18, '2018-08-23', '07:22:37'),
(314, 21, 'Humedad', 18, '2018-08-23', '07:23:32'),
(315, 19, 'Temperatura', 18, '2018-08-23', '07:23:32'),
(316, 21, 'Humedad', 18, '2018-08-23', '07:24:37'),
(317, 19, 'Temperatura', 18, '2018-08-23', '07:24:37'),
(318, 21, 'Humedad', 18, '2018-08-23', '07:26:39'),
(319, 19, 'Temperatura', 18, '2018-08-23', '07:26:39'),
(320, 21, 'Humedad', 18, '2018-08-23', '07:28:39'),
(321, 19, 'Temperatura', 18, '2018-08-23', '07:28:39'),
(322, 21, 'Humedad', 18, '2018-08-23', '07:30:39'),
(323, 19, 'Temperatura', 18, '2018-08-23', '07:30:39'),
(324, 21, 'Humedad', 18, '2018-08-23', '07:32:40'),
(325, 19, 'Temperatura', 18, '2018-08-23', '07:32:40'),
(326, 21, 'Humedad', 18, '2018-08-23', '07:33:13'),
(327, 19, 'Temperatura', 18, '2018-08-23', '07:33:13'),
(328, 21, 'Humedad', 18, '2018-08-23', '07:35:21'),
(329, 19, 'Temperatura', 18, '2018-08-23', '07:35:21'),
(330, 21, 'Humedad', 18, '2018-08-23', '07:36:40'),
(331, 19, 'Temperatura', 18, '2018-08-23', '07:36:40'),
(332, 20, 'Humedad', 18, '2018-08-23', '07:37:13'),
(333, 21, 'Temperatura', 18, '2018-08-23', '07:37:13'),
(334, 21, 'Humedad', 18, '2018-08-23', '07:39:13'),
(335, 19, 'Temperatura', 18, '2018-08-23', '07:39:13'),
(336, 21, 'Humedad', 18, '2018-08-23', '07:40:42'),
(337, 19, 'Temperatura', 18, '2018-08-23', '07:40:42'),
(338, 21, 'Humedad', 18, '2018-08-23', '07:42:42'),
(339, 19, 'Temperatura', 18, '2018-08-23', '07:42:42'),
(340, 21, 'Humedad', 18, '2018-08-23', '07:43:14'),
(341, 19, 'Temperatura', 18, '2018-08-23', '07:43:14'),
(342, 21, 'Humedad', 18, '2018-08-23', '07:44:43'),
(343, 19, 'Temperatura', 18, '2018-08-23', '07:44:43'),
(344, 21, 'Humedad', 18, '2018-08-23', '07:45:14'),
(345, 19, 'Temperatura', 18, '2018-08-23', '07:45:14'),
(346, 21, 'Humedad', 18, '2018-08-23', '07:46:43'),
(347, 19, 'Temperatura', 18, '2018-08-23', '07:46:43'),
(348, 21, 'Humedad', 18, '2018-08-23', '07:47:14'),
(349, 19, 'Temperatura', 18, '2018-08-23', '07:47:14'),
(350, 21, 'Humedad', 18, '2018-08-23', '07:48:43'),
(351, 19, 'Temperatura', 18, '2018-08-23', '07:48:43'),
(352, 21, 'Humedad', 18, '2018-08-23', '07:49:59'),
(353, 19, 'Temperatura', 18, '2018-08-23', '07:49:59'),
(354, 21, 'Humedad', 18, '2018-08-23', '07:50:43'),
(355, 19, 'Temperatura', 18, '2018-08-23', '07:50:43'),
(356, 21, 'Humedad', 18, '2018-08-23', '07:51:14'),
(357, 19, 'Temperatura', 18, '2018-08-23', '07:51:14'),
(358, 21, 'Humedad', 18, '2018-08-23', '07:52:00'),
(359, 19, 'Temperatura', 18, '2018-08-23', '07:52:00'),
(360, 21, 'Humedad', 18, '2018-08-23', '07:52:43'),
(361, 19, 'Temperatura', 18, '2018-08-23', '07:52:43'),
(362, 21, 'Humedad', 18, '2018-08-23', '07:53:15'),
(363, 20, 'Temperatura', 18, '2018-08-23', '07:53:15'),
(364, 21, 'Humedad', 18, '2018-08-23', '07:54:45'),
(365, 19, 'Temperatura', 18, '2018-08-23', '07:54:45'),
(366, 21, 'Humedad', 18, '2018-08-23', '07:55:15'),
(367, 19, 'Temperatura', 18, '2018-08-23', '07:55:15'),
(368, 21, 'Humedad', 18, '2018-08-23', '07:56:46'),
(369, 19, 'Temperatura', 18, '2018-08-23', '07:56:46'),
(370, 21, 'Humedad', 18, '2018-08-23', '07:58:14'),
(371, 19, 'Temperatura', 18, '2018-08-23', '07:58:14'),
(372, 21, 'Humedad', 18, '2018-08-23', '07:58:46'),
(373, 19, 'Temperatura', 18, '2018-08-23', '07:58:46'),
(374, 21, 'Humedad', 18, '2018-08-23', '07:59:15'),
(375, 19, 'Temperatura', 18, '2018-08-23', '07:59:15'),
(376, 21, 'Humedad', 18, '2018-08-23', '08:00:46'),
(377, 19, 'Temperatura', 18, '2018-08-23', '08:00:46'),
(378, 21, 'Humedad', 18, '2018-08-23', '08:01:15'),
(379, 19, 'Temperatura', 18, '2018-08-23', '08:01:15'),
(380, 21, 'Humedad', 18, '2018-08-23', '08:01:45'),
(381, 19, 'Temperatura', 18, '2018-08-23', '08:01:45'),
(382, 21, 'Humedad', 18, '2018-08-23', '08:02:34'),
(383, 19, 'Temperatura', 18, '2018-08-23', '08:02:34'),
(384, 21, 'Humedad', 18, '2018-08-23', '08:03:06'),
(385, 19, 'Temperatura', 18, '2018-08-23', '08:03:06'),
(386, 21, 'Humedad', 18, '2018-08-23', '08:03:15'),
(387, 19, 'Temperatura', 18, '2018-08-23', '08:03:15'),
(388, 21, 'Humedad', 18, '2018-08-23', '08:03:45'),
(389, 19, 'Temperatura', 18, '2018-08-23', '08:03:45'),
(390, 21, 'Humedad', 18, '2018-08-23', '08:04:46'),
(391, 19, 'Temperatura', 18, '2018-08-23', '08:04:46'),
(392, 21, 'Humedad', 18, '2018-08-23', '08:05:06'),
(393, 19, 'Temperatura', 18, '2018-08-23', '08:05:06'),
(394, 21, 'Humedad', 18, '2018-08-23', '08:05:15'),
(395, 19, 'Temperatura', 18, '2018-08-23', '08:05:15'),
(396, 21, 'Humedad', 18, '2018-08-23', '08:05:45'),
(397, 19, 'Temperatura', 18, '2018-08-23', '08:05:45'),
(398, 21, 'Humedad', 18, '2018-08-23', '08:06:46'),
(399, 19, 'Temperatura', 18, '2018-08-23', '08:06:46'),
(400, 21, 'Humedad', 18, '2018-08-23', '08:06:56'),
(401, 19, 'Temperatura', 18, '2018-08-23', '08:06:56'),
(402, 21, 'Humedad', 18, '2018-08-23', '08:07:16'),
(403, 19, 'Temperatura', 18, '2018-08-23', '08:07:16'),
(404, 21, 'Humedad', 18, '2018-08-23', '08:08:06'),
(405, 19, 'Temperatura', 18, '2018-08-23', '08:08:06'),
(406, 21, 'Humedad', 18, '2018-08-23', '08:08:48'),
(407, 19, 'Temperatura', 18, '2018-08-23', '08:08:48'),
(408, 21, 'Humedad', 18, '2018-08-23', '08:08:56'),
(409, 19, 'Temperatura', 18, '2018-08-23', '08:08:56'),
(410, 21, 'Humedad', 18, '2018-08-23', '08:09:16'),
(411, 19, 'Temperatura', 18, '2018-08-23', '08:09:16'),
(412, 21, 'Humedad', 18, '2018-08-23', '08:09:44'),
(413, 19, 'Temperatura', 18, '2018-08-23', '08:09:44'),
(414, 21, 'Humedad', 18, '2018-08-23', '08:10:49'),
(415, 19, 'Temperatura', 18, '2018-08-23', '08:10:49'),
(416, 21, 'Humedad', 18, '2018-08-23', '08:10:56'),
(417, 19, 'Temperatura', 18, '2018-08-23', '08:10:56'),
(418, 21, 'Humedad', 18, '2018-08-23', '08:12:51'),
(419, 19, 'Temperatura', 18, '2018-08-23', '08:12:51'),
(420, 21, 'Humedad', 18, '2018-08-23', '08:12:57'),
(421, 19, 'Temperatura', 18, '2018-08-23', '08:12:57'),
(422, 21, 'Humedad', 18, '2018-08-23', '08:14:51'),
(423, 19, 'Temperatura', 18, '2018-08-23', '08:14:51'),
(424, 21, 'Humedad', 18, '2018-08-23', '08:14:57'),
(425, 19, 'Temperatura', 18, '2018-08-23', '08:14:57'),
(426, 21, 'Humedad', 18, '2018-08-23', '08:15:16'),
(427, 19, 'Temperatura', 18, '2018-08-23', '08:15:16'),
(428, 21, 'Humedad', 18, '2018-08-23', '08:16:51'),
(429, 19, 'Temperatura', 18, '2018-08-23', '08:16:51'),
(430, 21, 'Humedad', 18, '2018-08-23', '08:16:57'),
(431, 19, 'Temperatura', 18, '2018-08-23', '08:16:57'),
(432, 21, 'Humedad', 18, '2018-08-23', '08:17:16'),
(433, 19, 'Temperatura', 18, '2018-08-23', '08:17:16'),
(434, 21, 'Humedad', 18, '2018-08-23', '08:18:51'),
(435, 19, 'Temperatura', 18, '2018-08-23', '08:18:51'),
(436, 21, 'Humedad', 18, '2018-08-23', '08:18:57'),
(437, 20, 'Temperatura', 18, '2018-08-23', '08:18:57'),
(438, 21, 'Humedad', 18, '2018-08-23', '08:19:16'),
(439, 20, 'Temperatura', 18, '2018-08-23', '08:19:16'),
(440, 21, 'Humedad', 18, '2018-08-23', '08:20:51'),
(441, 20, 'Temperatura', 18, '2018-08-23', '08:20:51'),
(442, 21, 'Humedad', 18, '2018-08-23', '08:21:17'),
(443, 20, 'Temperatura', 18, '2018-08-23', '08:21:17'),
(444, 21, 'Humedad', 18, '2018-08-23', '08:22:52'),
(445, 20, 'Temperatura', 18, '2018-08-23', '08:22:52'),
(446, 21, 'Humedad', 18, '2018-08-23', '08:22:57'),
(447, 20, 'Temperatura', 18, '2018-08-23', '08:22:57'),
(448, 21, 'Humedad', 18, '2018-08-23', '08:23:17'),
(449, 20, 'Temperatura', 18, '2018-08-23', '08:23:17'),
(450, 21, 'Humedad', 18, '2018-08-23', '08:24:52'),
(451, 20, 'Temperatura', 18, '2018-08-23', '08:24:52'),
(452, 21, 'Humedad', 18, '2018-08-23', '08:25:17'),
(453, 20, 'Temperatura', 18, '2018-08-23', '08:25:17'),
(454, 21, 'Humedad', 18, '2018-08-23', '08:26:52'),
(455, 20, 'Temperatura', 18, '2018-08-23', '08:26:52'),
(456, 21, 'Humedad', 18, '2018-08-23', '08:26:58'),
(457, 20, 'Temperatura', 18, '2018-08-23', '08:26:58'),
(458, 21, 'Humedad', 18, '2018-08-23', '08:27:31'),
(459, 20, 'Temperatura', 18, '2018-08-23', '08:27:31'),
(460, 21, 'Humedad', 18, '2018-08-23', '08:28:52'),
(461, 20, 'Temperatura', 18, '2018-08-23', '08:28:52'),
(462, 20, 'Humedad', 18, '2018-08-23', '08:29:17'),
(463, 22, 'Temperatura', 18, '2018-08-23', '08:29:17'),
(464, 19, 'Humedad', 18, '2018-08-23', '08:30:52'),
(465, 24, 'Temperatura', 18, '2018-08-23', '08:30:52'),
(466, 19, 'Humedad', 18, '2018-08-23', '08:30:58'),
(467, 24, 'Temperatura', 18, '2018-08-23', '08:30:58'),
(468, 19, 'Humedad', 18, '2018-08-23', '08:31:32'),
(469, 23, 'Temperatura', 18, '2018-08-23', '08:31:32'),
(470, 19, 'Humedad', 18, '2018-08-23', '08:32:55'),
(471, 23, 'Temperatura', 18, '2018-08-23', '08:32:55'),
(472, 20, 'Humedad', 18, '2018-08-23', '08:32:58'),
(473, 22, 'Temperatura', 18, '2018-08-23', '08:32:58'),
(474, 20, 'Humedad', 18, '2018-08-23', '08:33:32'),
(475, 21, 'Temperatura', 18, '2018-08-23', '08:33:32'),
(476, 20, 'Humedad', 18, '2018-08-23', '08:34:55'),
(477, 22, 'Temperatura', 18, '2018-08-23', '08:34:55'),
(478, 20, 'Humedad', 18, '2018-08-23', '08:38:57'),
(479, 21, 'Temperatura', 18, '2018-08-23', '08:38:57'),
(480, 20, 'Humedad', 18, '2018-08-23', '08:39:18'),
(481, 21, 'Temperatura', 18, '2018-08-23', '08:39:18'),
(482, 21, 'Humedad', 18, '2018-08-23', '08:40:57'),
(483, 20, 'Temperatura', 18, '2018-08-23', '08:40:57'),
(484, 23, 'Humedad', 18, '2018-08-23', '08:41:18'),
(485, 21, 'Temperatura', 18, '2018-08-23', '08:41:18'),
(486, 20, 'Humedad', 18, '2018-08-23', '08:42:57'),
(487, 21, 'Temperatura', 18, '2018-08-23', '08:42:57'),
(488, 20, 'Humedad', 18, '2018-08-23', '08:43:18'),
(489, 21, 'Temperatura', 18, '2018-08-23', '08:43:18'),
(490, 20, 'Humedad', 18, '2018-08-23', '08:44:37'),
(491, 21, 'Temperatura', 18, '2018-08-23', '08:44:37'),
(492, 20, 'Humedad', 18, '2018-08-23', '08:44:57'),
(493, 21, 'Temperatura', 18, '2018-08-23', '08:44:57'),
(494, 20, 'Humedad', 18, '2018-08-23', '08:45:19'),
(495, 21, 'Temperatura', 18, '2018-08-23', '08:45:19'),
(496, 20, 'Humedad', 18, '2018-08-23', '08:46:38'),
(497, 21, 'Temperatura', 18, '2018-08-23', '08:46:38'),
(498, 20, 'Humedad', 18, '2018-08-23', '08:46:58'),
(499, 21, 'Temperatura', 18, '2018-08-23', '08:46:58'),
(500, 20, 'Humedad', 18, '2018-08-23', '08:47:19'),
(501, 21, 'Temperatura', 18, '2018-08-23', '08:47:19'),
(502, 20, 'Humedad', 18, '2018-08-23', '08:49:00'),
(503, 21, 'Temperatura', 18, '2018-08-23', '08:49:00'),
(504, 20, 'Humedad', 18, '2018-08-23', '08:49:19'),
(505, 21, 'Temperatura', 18, '2018-08-23', '08:49:19'),
(506, 20, 'Humedad', 18, '2018-08-23', '08:51:19'),
(507, 21, 'Temperatura', 18, '2018-08-23', '08:51:19'),
(508, 20, 'Humedad', 18, '2018-08-23', '08:51:21'),
(509, 21, 'Temperatura', 18, '2018-08-23', '08:51:21'),
(510, 20, 'Humedad', 18, '2018-08-23', '08:53:19'),
(511, 21, 'Temperatura', 18, '2018-08-23', '08:53:19'),
(512, 20, 'Humedad', 18, '2018-08-23', '08:53:21'),
(513, 21, 'Temperatura', 18, '2018-08-23', '08:53:21'),
(514, 20, 'Humedad', 18, '2018-08-23', '08:53:56'),
(515, 21, 'Temperatura', 18, '2018-08-23', '08:53:56'),
(516, 20, 'Humedad', 18, '2018-08-23', '08:55:21'),
(517, 22, 'Temperatura', 18, '2018-08-23', '08:55:21'),
(518, 20, 'Humedad', 18, '2018-08-23', '08:55:56'),
(519, 22, 'Temperatura', 18, '2018-08-23', '08:55:56'),
(520, 20, 'Humedad', 18, '2018-08-23', '08:56:58'),
(521, 22, 'Temperatura', 18, '2018-08-23', '08:56:58'),
(522, 20, 'Humedad', 18, '2018-08-23', '08:57:22'),
(523, 22, 'Temperatura', 18, '2018-08-23', '08:57:22'),
(524, 20, 'Humedad', 18, '2018-08-23', '08:57:56'),
(525, 22, 'Temperatura', 18, '2018-08-23', '08:57:56'),
(526, 20, 'Humedad', 18, '2018-08-23', '08:58:05'),
(527, 22, 'Temperatura', 18, '2018-08-23', '08:58:05'),
(528, 20, 'Humedad', 18, '2018-08-23', '08:58:58'),
(529, 22, 'Temperatura', 18, '2018-08-23', '08:58:58'),
(530, 20, 'Humedad', 18, '2018-08-23', '08:59:22'),
(531, 22, 'Temperatura', 18, '2018-08-23', '08:59:22'),
(532, 20, 'Humedad', 18, '2018-08-23', '09:01:01'),
(533, 22, 'Temperatura', 18, '2018-08-23', '09:01:01'),
(534, 20, 'Humedad', 18, '2018-08-23', '09:01:20'),
(535, 22, 'Temperatura', 18, '2018-08-23', '09:01:20'),
(536, 20, 'Humedad', 18, '2018-08-23', '09:01:22'),
(537, 22, 'Temperatura', 18, '2018-08-23', '09:01:22'),
(538, 20, 'Humedad', 18, '2018-08-23', '09:02:08'),
(539, 22, 'Temperatura', 18, '2018-08-23', '09:02:08'),
(540, 20, 'Humedad', 18, '2018-08-23', '09:02:10'),
(541, 22, 'Temperatura', 18, '2018-08-23', '09:02:10'),
(542, 20, 'Humedad', 18, '2018-08-23', '09:03:01'),
(543, 22, 'Temperatura', 18, '2018-08-23', '09:03:01'),
(544, 20, 'Humedad', 18, '2018-08-23', '09:03:20'),
(545, 22, 'Temperatura', 18, '2018-08-23', '09:03:20'),
(546, 20, 'Humedad', 18, '2018-08-23', '09:04:08'),
(547, 22, 'Temperatura', 18, '2018-08-23', '09:04:08'),
(548, 20, 'Humedad', 18, '2018-08-23', '09:04:10'),
(549, 22, 'Temperatura', 18, '2018-08-23', '09:04:10'),
(550, 20, 'Humedad', 18, '2018-08-23', '09:05:01'),
(551, 22, 'Temperatura', 18, '2018-08-23', '09:05:01'),
(552, 20, 'Humedad', 18, '2018-08-23', '09:05:22'),
(553, 22, 'Temperatura', 18, '2018-08-23', '09:05:22'),
(554, 20, 'Humedad', 18, '2018-08-23', '09:06:08'),
(555, 22, 'Temperatura', 18, '2018-08-23', '09:06:08'),
(556, 20, 'Humedad', 18, '2018-08-23', '09:06:10'),
(557, 22, 'Temperatura', 18, '2018-08-23', '09:06:10'),
(558, 20, 'Humedad', 18, '2018-08-23', '09:07:01'),
(559, 22, 'Temperatura', 18, '2018-08-23', '09:07:01'),
(560, 20, 'Humedad', 18, '2018-08-23', '09:07:20'),
(561, 22, 'Temperatura', 18, '2018-08-23', '09:07:20'),
(562, 20, 'Humedad', 18, '2018-08-23', '09:07:22'),
(563, 22, 'Temperatura', 18, '2018-08-23', '09:07:22'),
(564, 20, 'Humedad', 18, '2018-08-23', '09:08:09'),
(565, 22, 'Temperatura', 18, '2018-08-23', '09:08:09'),
(566, 20, 'Humedad', 18, '2018-08-23', '09:08:10'),
(567, 22, 'Temperatura', 18, '2018-08-23', '09:08:10'),
(568, 20, 'Humedad', 18, '2018-08-23', '09:09:20'),
(569, 22, 'Temperatura', 18, '2018-08-23', '09:09:20'),
(570, 20, 'Humedad', 18, '2018-08-23', '09:09:22'),
(571, 22, 'Temperatura', 18, '2018-08-23', '09:09:22'),
(572, 20, 'Humedad', 18, '2018-08-23', '09:10:09'),
(573, 22, 'Temperatura', 18, '2018-08-23', '09:10:09'),
(574, 20, 'Humedad', 18, '2018-08-23', '09:10:10'),
(575, 22, 'Temperatura', 18, '2018-08-23', '09:10:10'),
(576, 20, 'Humedad', 18, '2018-08-23', '09:11:01'),
(577, 22, 'Temperatura', 18, '2018-08-23', '09:11:01'),
(578, 20, 'Humedad', 18, '2018-08-23', '09:11:21'),
(579, 22, 'Temperatura', 18, '2018-08-23', '09:11:21'),
(580, 20, 'Humedad', 18, '2018-08-23', '09:12:09'),
(581, 22, 'Temperatura', 18, '2018-08-23', '09:12:09'),
(582, 20, 'Humedad', 18, '2018-08-23', '09:13:01'),
(583, 22, 'Temperatura', 18, '2018-08-23', '09:13:01'),
(584, 19, 'Humedad', 18, '2018-08-23', '09:13:21'),
(585, 23, 'Temperatura', 18, '2018-08-23', '09:13:21'),
(586, 19, 'Humedad', 18, '2018-08-23', '09:14:09'),
(587, 23, 'Temperatura', 18, '2018-08-23', '09:14:09'),
(588, 19, 'Humedad', 18, '2018-08-23', '09:15:02'),
(589, 23, 'Temperatura', 18, '2018-08-23', '09:15:02'),
(590, 20, 'Humedad', 18, '2018-08-23', '09:15:23'),
(591, 22, 'Temperatura', 18, '2018-08-23', '09:15:23'),
(592, 20, 'Humedad', 18, '2018-08-23', '09:16:11'),
(593, 22, 'Temperatura', 18, '2018-08-23', '09:16:11'),
(594, 20, 'Humedad', 18, '2018-08-23', '09:16:11'),
(595, 22, 'Temperatura', 18, '2018-08-23', '09:16:11'),
(596, 20, 'Humedad', 18, '2018-08-23', '09:17:02'),
(597, 22, 'Temperatura', 18, '2018-08-23', '09:17:02'),
(598, 20, 'Humedad', 18, '2018-08-23', '09:17:25'),
(599, 22, 'Temperatura', 18, '2018-08-23', '09:17:25'),
(600, 20, 'Humedad', 18, '2018-08-23', '09:18:11'),
(601, 22, 'Temperatura', 18, '2018-08-23', '09:18:11'),
(602, 19, 'Humedad', 18, '2018-08-23', '09:18:11'),
(603, 23, 'Temperatura', 18, '2018-08-23', '09:18:11'),
(604, 20, 'Humedad', 18, '2018-08-23', '09:19:25'),
(605, 22, 'Temperatura', 18, '2018-08-23', '09:19:25'),
(606, 20, 'Humedad', 18, '2018-08-23', '09:20:11'),
(607, 22, 'Temperatura', 18, '2018-08-23', '09:20:11'),
(608, 20, 'Humedad', 18, '2018-08-23', '09:20:14'),
(609, 22, 'Temperatura', 18, '2018-08-23', '09:20:14'),
(610, 20, 'Humedad', 18, '2018-08-23', '09:21:02'),
(611, 22, 'Temperatura', 18, '2018-08-23', '09:21:02'),
(612, 20, 'Humedad', 18, '2018-08-23', '09:21:27'),
(613, 22, 'Temperatura', 18, '2018-08-23', '09:21:27'),
(614, 20, 'Humedad', 18, '2018-08-23', '09:22:10'),
(615, 22, 'Temperatura', 18, '2018-08-23', '09:22:10'),
(616, 20, 'Humedad', 18, '2018-08-23', '09:22:11'),
(617, 22, 'Temperatura', 18, '2018-08-23', '09:22:11'),
(618, 20, 'Humedad', 18, '2018-08-23', '09:23:28'),
(619, 22, 'Temperatura', 18, '2018-08-23', '09:23:28'),
(620, 20, 'Humedad', 18, '2018-08-23', '09:24:11'),
(621, 22, 'Temperatura', 18, '2018-08-23', '09:24:11'),
(622, 20, 'Humedad', 18, '2018-08-23', '09:24:14'),
(623, 22, 'Temperatura', 18, '2018-08-23', '09:24:14'),
(624, 20, 'Humedad', 18, '2018-08-23', '09:25:02'),
(625, 22, 'Temperatura', 18, '2018-08-23', '09:25:02'),
(626, 20, 'Humedad', 18, '2018-08-23', '09:25:28'),
(627, 22, 'Temperatura', 18, '2018-08-23', '09:25:28'),
(628, 20, 'Humedad', 18, '2018-08-23', '09:26:10'),
(629, 22, 'Temperatura', 18, '2018-08-23', '09:26:10'),
(630, 20, 'Humedad', 18, '2018-08-23', '09:26:11'),
(631, 22, 'Temperatura', 18, '2018-08-23', '09:26:11'),
(632, 20, 'Humedad', 18, '2018-08-23', '09:26:14'),
(633, 22, 'Temperatura', 18, '2018-08-23', '09:26:14'),
(634, 20, 'Humedad', 18, '2018-08-23', '09:27:03'),
(635, 22, 'Temperatura', 18, '2018-08-23', '09:27:03'),
(636, 20, 'Humedad', 18, '2018-08-23', '09:27:28'),
(637, 22, 'Temperatura', 18, '2018-08-23', '09:27:28'),
(638, 20, 'Humedad', 18, '2018-08-23', '09:28:11'),
(639, 22, 'Temperatura', 18, '2018-08-23', '09:28:11'),
(640, 20, 'Humedad', 18, '2018-08-23', '09:28:12'),
(641, 22, 'Temperatura', 18, '2018-08-23', '09:28:12'),
(642, 20, 'Humedad', 18, '2018-08-23', '09:29:03'),
(643, 22, 'Temperatura', 18, '2018-08-23', '09:29:03'),
(644, 20, 'Humedad', 18, '2018-08-23', '09:30:11'),
(645, 22, 'Temperatura', 18, '2018-08-23', '09:30:11'),
(646, 20, 'Humedad', 18, '2018-08-23', '09:30:12'),
(647, 22, 'Temperatura', 18, '2018-08-23', '09:30:12'),
(648, 20, 'Humedad', 18, '2018-08-23', '09:30:14'),
(649, 22, 'Temperatura', 18, '2018-08-23', '09:30:14'),
(650, 20, 'Humedad', 18, '2018-08-23', '09:31:28'),
(651, 22, 'Temperatura', 18, '2018-08-23', '09:31:28'),
(652, 20, 'Humedad', 18, '2018-08-23', '09:32:11'),
(653, 22, 'Temperatura', 18, '2018-08-23', '09:32:11'),
(654, 20, 'Humedad', 18, '2018-08-23', '09:32:12'),
(655, 22, 'Temperatura', 18, '2018-08-23', '09:32:12'),
(656, 20, 'Humedad', 18, '2018-08-23', '09:32:15'),
(657, 22, 'Temperatura', 18, '2018-08-23', '09:32:15'),
(658, 20, 'Humedad', 18, '2018-08-23', '09:33:03'),
(659, 22, 'Temperatura', 18, '2018-08-23', '09:33:03'),
(660, 20, 'Humedad', 18, '2018-08-23', '09:33:29'),
(661, 22, 'Temperatura', 18, '2018-08-23', '09:33:29'),
(662, 20, 'Humedad', 18, '2018-08-23', '09:34:11'),
(663, 22, 'Temperatura', 18, '2018-08-23', '09:34:11'),
(664, 20, 'Humedad', 18, '2018-08-23', '09:34:12'),
(665, 22, 'Temperatura', 18, '2018-08-23', '09:34:12'),
(666, 19, 'Humedad', 18, '2018-08-23', '09:35:03'),
(667, 23, 'Temperatura', 18, '2018-08-23', '09:35:03'),
(668, 19, 'Humedad', 18, '2018-08-23', '09:35:29'),
(669, 23, 'Temperatura', 18, '2018-08-23', '09:35:29'),
(670, 20, 'Humedad', 18, '2018-08-23', '09:36:11'),
(671, 22, 'Temperatura', 18, '2018-08-23', '09:36:11'),
(672, 20, 'Humedad', 18, '2018-08-23', '09:36:12'),
(673, 22, 'Temperatura', 18, '2018-08-23', '09:36:12'),
(674, 26, 'Humedad', 18, '2018-08-23', '09:36:15'),
(675, 22, 'Temperatura', 18, '2018-08-23', '09:36:15'),
(676, 19, 'Humedad', 18, '2018-08-23', '09:37:05'),
(677, 23, 'Temperatura', 18, '2018-08-23', '09:37:05'),
(678, 19, 'Humedad', 18, '2018-08-23', '09:38:14'),
(679, 23, 'Temperatura', 18, '2018-08-23', '09:38:14'),
(680, 19, 'Humedad', 18, '2018-08-23', '09:38:15'),
(681, 23, 'Temperatura', 18, '2018-08-23', '09:38:15'),
(682, 19, 'Humedad', 18, '2018-08-23', '09:38:15'),
(683, 23, 'Temperatura', 18, '2018-08-23', '09:38:15'),
(684, 19, 'Humedad', 18, '2018-08-23', '09:39:08'),
(685, 23, 'Temperatura', 18, '2018-08-23', '09:39:08'),
(686, 19, 'Humedad', 18, '2018-08-23', '09:39:29'),
(687, 23, 'Temperatura', 18, '2018-08-23', '09:39:29'),
(688, 19, 'Humedad', 18, '2018-08-23', '09:40:14'),
(689, 23, 'Temperatura', 18, '2018-08-23', '09:40:14'),
(690, 19, 'Humedad', 18, '2018-08-23', '09:40:15'),
(691, 23, 'Temperatura', 18, '2018-08-23', '09:40:15'),
(692, 19, 'Humedad', 18, '2018-08-23', '09:41:08'),
(693, 23, 'Temperatura', 18, '2018-08-23', '09:41:08'),
(694, 19, 'Humedad', 18, '2018-08-23', '09:42:14'),
(695, 23, 'Temperatura', 18, '2018-08-23', '09:42:14'),
(696, 19, 'Humedad', 18, '2018-08-23', '09:42:15'),
(697, 23, 'Temperatura', 18, '2018-08-23', '09:42:15'),
(698, 19, 'Humedad', 18, '2018-08-23', '09:42:15'),
(699, 23, 'Temperatura', 18, '2018-08-23', '09:42:15'),
(700, 19, 'Humedad', 18, '2018-08-23', '09:43:08'),
(701, 23, 'Temperatura', 18, '2018-08-23', '09:43:08'),
(702, 19, 'Humedad', 18, '2018-08-23', '09:44:14'),
(703, 23, 'Temperatura', 18, '2018-08-23', '09:44:14'),
(704, 19, 'Humedad', 18, '2018-08-23', '09:44:15'),
(705, 24, 'Temperatura', 18, '2018-08-23', '09:44:15'),
(706, 19, 'Humedad', 18, '2018-08-23', '09:44:16'),
(707, 23, 'Temperatura', 18, '2018-08-23', '09:44:16'),
(708, 19, 'Humedad', 18, '2018-08-23', '09:45:08'),
(709, 23, 'Temperatura', 18, '2018-08-23', '09:45:08'),
(710, 19, 'Humedad', 18, '2018-08-23', '09:45:30'),
(711, 23, 'Temperatura', 18, '2018-08-23', '09:45:30'),
(712, 19, 'Humedad', 18, '2018-08-23', '09:47:08'),
(713, 23, 'Temperatura', 18, '2018-08-23', '09:47:08'),
(714, 19, 'Humedad', 18, '2018-08-23', '09:47:30'),
(715, 23, 'Temperatura', 18, '2018-08-23', '09:47:30'),
(716, 19, 'Humedad', 18, '2018-08-23', '09:48:15'),
(717, 23, 'Temperatura', 18, '2018-08-23', '09:48:15'),
(718, 19, 'Humedad', 18, '2018-08-23', '09:48:15'),
(719, 23, 'Temperatura', 18, '2018-08-23', '09:48:15'),
(720, 19, 'Humedad', 18, '2018-08-23', '09:49:08'),
(721, 23, 'Temperatura', 18, '2018-08-23', '09:49:08'),
(722, 20, 'Humedad', 18, '2018-08-23', '09:49:30'),
(723, 22, 'Temperatura', 18, '2018-08-23', '09:49:30'),
(724, 20, 'Humedad', 18, '2018-08-23', '09:50:15'),
(725, 22, 'Temperatura', 18, '2018-08-23', '09:50:15'),
(726, 19, 'Humedad', 18, '2018-08-23', '09:50:16'),
(727, 23, 'Temperatura', 18, '2018-08-23', '09:50:16'),
(728, 20, 'Humedad', 18, '2018-08-23', '09:50:16'),
(729, 22, 'Temperatura', 18, '2018-08-23', '09:50:16'),
(730, 19, 'Humedad', 18, '2018-08-23', '09:51:09'),
(731, 23, 'Temperatura', 18, '2018-08-23', '09:51:09'),
(732, 19, 'Humedad', 18, '2018-08-23', '09:51:32'),
(733, 23, 'Temperatura', 18, '2018-08-23', '09:51:32'),
(734, 19, 'Humedad', 18, '2018-08-23', '09:52:15'),
(735, 23, 'Temperatura', 18, '2018-08-23', '09:52:15'),
(736, 19, 'Humedad', 18, '2018-08-23', '09:52:16'),
(737, 23, 'Temperatura', 18, '2018-08-23', '09:52:16'),
(738, 19, 'Humedad', 18, '2018-08-23', '09:52:18'),
(739, 23, 'Temperatura', 18, '2018-08-23', '09:52:18'),
(740, 19, 'Humedad', 18, '2018-08-23', '09:53:09'),
(741, 23, 'Temperatura', 18, '2018-08-23', '09:53:09'),
(742, 20, 'Humedad', 18, '2018-08-23', '09:53:32'),
(743, 22, 'Temperatura', 18, '2018-08-23', '09:53:32'),
(744, 19, 'Humedad', 18, '2018-08-23', '09:54:17'),
(745, 23, 'Temperatura', 18, '2018-08-23', '09:54:17'),
(746, 19, 'Humedad', 18, '2018-08-23', '09:54:18'),
(747, 23, 'Temperatura', 18, '2018-08-23', '09:54:18'),
(748, 20, 'Humedad', 18, '2018-08-23', '09:55:09'),
(749, 23, 'Temperatura', 18, '2018-08-23', '09:55:09'),
(750, 20, 'Humedad', 18, '2018-08-23', '09:55:35'),
(751, 22, 'Temperatura', 18, '2018-08-23', '09:55:35'),
(752, 20, 'Humedad', 18, '2018-08-23', '09:56:15'),
(753, 22, 'Temperatura', 18, '2018-08-23', '09:56:15'),
(754, 20, 'Humedad', 18, '2018-08-23', '09:56:20'),
(755, 22, 'Temperatura', 18, '2018-08-23', '09:56:20'),
(756, 19, 'Humedad', 18, '2018-08-23', '09:57:09'),
(757, 23, 'Temperatura', 18, '2018-08-23', '09:57:09'),
(758, 20, 'Humedad', 18, '2018-08-23', '09:57:37'),
(759, 22, 'Temperatura', 18, '2018-08-23', '09:57:37'),
(760, 20, 'Humedad', 18, '2018-08-23', '09:58:16'),
(761, 22, 'Temperatura', 18, '2018-08-23', '09:58:16'),
(762, 19, 'Humedad', 18, '2018-08-23', '09:58:19'),
(763, 23, 'Temperatura', 18, '2018-08-23', '09:58:19'),
(764, 19, 'Humedad', 18, '2018-08-23', '09:58:20'),
(765, 23, 'Temperatura', 18, '2018-08-23', '09:58:20'),
(766, 19, 'Humedad', 18, '2018-08-23', '09:59:11'),
(767, 23, 'Temperatura', 18, '2018-08-23', '09:59:11'),
(768, 19, 'Humedad', 18, '2018-08-23', '09:59:39'),
(769, 23, 'Temperatura', 18, '2018-08-23', '09:59:39'),
(770, 19, 'Humedad', 18, '2018-08-23', '10:00:16'),
(771, 23, 'Temperatura', 18, '2018-08-23', '10:00:16'),
(772, 19, 'Humedad', 18, '2018-08-23', '10:00:21'),
(773, 23, 'Temperatura', 18, '2018-08-23', '10:00:21'),
(774, 19, 'Humedad', 18, '2018-08-23', '10:00:23'),
(775, 23, 'Temperatura', 18, '2018-08-23', '10:00:23'),
(776, 19, 'Humedad', 18, '2018-08-23', '10:01:12'),
(777, 23, 'Temperatura', 18, '2018-08-23', '10:01:12'),
(778, 19, 'Humedad', 18, '2018-08-23', '10:01:39'),
(779, 23, 'Temperatura', 18, '2018-08-23', '10:01:39'),
(780, 19, 'Humedad', 18, '2018-08-23', '10:02:16'),
(781, 23, 'Temperatura', 18, '2018-08-23', '10:02:16'),
(782, 19, 'Humedad', 18, '2018-08-23', '10:02:21'),
(783, 23, 'Temperatura', 18, '2018-08-23', '10:02:21'),
(784, 19, 'Humedad', 18, '2018-08-23', '10:02:23'),
(785, 23, 'Temperatura', 18, '2018-08-23', '10:02:23'),
(786, 19, 'Humedad', 18, '2018-08-23', '10:03:39'),
(787, 23, 'Temperatura', 18, '2018-08-23', '10:03:39'),
(788, 20, 'Humedad', 18, '2018-08-23', '10:04:21'),
(789, 22, 'Temperatura', 18, '2018-08-23', '10:04:21'),
(790, 31, 'Humedad', 18, '2018-08-23', '10:04:23'),
(791, 22, 'Temperatura', 18, '2018-08-23', '10:04:23'),
(792, 19, 'Humedad', 18, '2018-08-23', '10:05:12'),
(793, 24, 'Temperatura', 18, '2018-08-23', '10:05:12'),
(794, 19, 'Humedad', 18, '2018-08-23', '10:05:39'),
(795, 23, 'Temperatura', 18, '2018-08-23', '10:05:39'),
(796, 20, 'Humedad', 18, '2018-08-23', '10:06:24'),
(797, 22, 'Temperatura', 18, '2018-08-23', '10:06:24'),
(798, 20, 'Humedad', 18, '2018-08-23', '10:06:25'),
(799, 22, 'Temperatura', 18, '2018-08-23', '10:06:25'),
(800, 20, 'Humedad', 18, '2018-08-23', '10:07:14'),
(801, 22, 'Temperatura', 18, '2018-08-23', '10:07:14'),
(802, 20, 'Humedad', 18, '2018-08-23', '10:07:21'),
(803, 22, 'Temperatura', 18, '2018-08-23', '10:07:21'),
(804, 20, 'Humedad', 18, '2018-08-23', '10:07:40'),
(805, 22, 'Temperatura', 18, '2018-08-23', '10:07:40'),
(806, 20, 'Humedad', 18, '2018-08-23', '10:08:26'),
(807, 22, 'Temperatura', 18, '2018-08-23', '10:08:26'),
(808, 20, 'Humedad', 18, '2018-08-23', '10:08:27'),
(809, 22, 'Temperatura', 18, '2018-08-23', '10:08:27'),
(810, 20, 'Humedad', 18, '2018-08-23', '10:09:22'),
(811, 22, 'Temperatura', 18, '2018-08-23', '10:09:22'),
(812, 20, 'Humedad', 18, '2018-08-23', '10:09:40'),
(813, 22, 'Temperatura', 18, '2018-08-23', '10:09:40'),
(814, 20, 'Humedad', 18, '2018-08-23', '10:10:27'),
(815, 22, 'Temperatura', 18, '2018-08-23', '10:10:27'),
(816, 20, 'Humedad', 18, '2018-08-23', '10:11:15'),
(817, 22, 'Temperatura', 18, '2018-08-23', '10:11:15'),
(818, 20, 'Humedad', 18, '2018-08-23', '10:11:29'),
(819, 22, 'Temperatura', 18, '2018-08-23', '10:11:29'),
(820, 20, 'Humedad', 18, '2018-08-23', '10:11:40'),
(821, 22, 'Temperatura', 18, '2018-08-23', '10:11:40'),
(822, 20, 'Humedad', 18, '2018-08-23', '10:12:26'),
(823, 22, 'Temperatura', 18, '2018-08-23', '10:12:26'),
(824, 20, 'Humedad', 18, '2018-08-23', '10:12:28'),
(825, 22, 'Temperatura', 18, '2018-08-23', '10:12:28'),
(826, 20, 'Humedad', 18, '2018-08-23', '10:13:15'),
(827, 22, 'Temperatura', 18, '2018-08-23', '10:13:15'),
(828, 19, 'Humedad', 18, '2018-08-23', '10:13:30'),
(829, 23, 'Temperatura', 18, '2018-08-23', '10:13:30'),
(830, 20, 'Humedad', 18, '2018-08-23', '10:13:40'),
(831, 22, 'Temperatura', 18, '2018-08-23', '10:13:40'),
(832, 20, 'Humedad', 18, '2018-08-23', '10:24:53'),
(833, 22, 'Temperatura', 18, '2018-08-23', '10:24:53'),
(834, 20, 'Humedad', 18, '2018-08-23', '10:28:53'),
(835, 22, 'Temperatura', 18, '2018-08-23', '10:28:53'),
(836, 19, 'Humedad', 18, '2018-08-23', '10:30:54'),
(837, 23, 'Temperatura', 18, '2018-08-23', '10:30:54'),
(838, 18, 'Humedad', 18, '2018-08-23', '10:32:56'),
(839, 25, 'Temperatura', 18, '2018-08-23', '10:32:56'),
(840, 19, 'Humedad', 18, '2018-08-23', '10:34:58'),
(841, 24, 'Temperatura', 18, '2018-08-23', '10:34:58'),
(842, 20, 'Humedad', 18, '2018-08-23', '10:36:58'),
(843, 22, 'Temperatura', 18, '2018-08-23', '10:36:58'),
(844, 19, 'Humedad', 18, '2018-08-23', '10:39:00'),
(845, 23, 'Temperatura', 18, '2018-08-23', '10:39:00'),
(846, 19, 'Humedad', 18, '2018-08-23', '10:42:24'),
(847, 23, 'Temperatura', 18, '2018-08-23', '10:42:24'),
(848, 20, 'Humedad', 18, '2018-08-23', '10:43:52'),
(849, 22, 'Temperatura', 18, '2018-08-23', '10:43:52'),
(850, 19, 'Humedad', 18, '2018-08-23', '10:44:24'),
(851, 23, 'Temperatura', 18, '2018-08-23', '10:44:24'),
(852, 19, 'Humedad', 18, '2018-08-23', '10:45:54'),
(853, 23, 'Temperatura', 18, '2018-08-23', '10:45:54'),
(854, 20, 'Humedad', 18, '2018-08-23', '10:47:54'),
(855, 22, 'Temperatura', 18, '2018-08-23', '10:47:54'),
(856, 19, 'Humedad', 18, '2018-08-23', '10:48:26'),
(857, 23, 'Temperatura', 18, '2018-08-23', '10:48:26'),
(858, 19, 'Humedad', 18, '2018-08-23', '10:49:54'),
(859, 23, 'Temperatura', 18, '2018-08-23', '10:49:54'),
(860, 19, 'Humedad', 18, '2018-08-23', '10:50:28'),
(861, 23, 'Temperatura', 18, '2018-08-23', '10:50:28'),
(862, 20, 'Humedad', 18, '2018-08-23', '10:51:54'),
(863, 22, 'Temperatura', 18, '2018-08-23', '10:51:54'),
(864, 19, 'Humedad', 18, '2018-08-23', '10:53:57'),
(865, 23, 'Temperatura', 18, '2018-08-23', '10:53:57'),
(866, 20, 'Humedad', 18, '2018-08-23', '10:55:59'),
(867, 22, 'Temperatura', 18, '2018-08-23', '10:55:59'),
(868, 19, 'Humedad', 18, '2018-08-23', '10:58:01'),
(869, 23, 'Temperatura', 18, '2018-08-23', '10:58:01'),
(870, 20, 'Humedad', 18, '2018-08-23', '11:00:03'),
(871, 22, 'Temperatura', 18, '2018-08-23', '11:00:03'),
(872, 20, 'Humedad', 18, '2018-08-23', '11:00:08'),
(873, 22, 'Temperatura', 18, '2018-08-23', '11:00:08'),
(874, 20, 'Humedad', 18, '2018-08-23', '11:02:05'),
(875, 22, 'Temperatura', 18, '2018-08-23', '11:02:05'),
(876, 20, 'Humedad', 18, '2018-08-23', '11:02:09'),
(877, 22, 'Temperatura', 18, '2018-08-23', '11:02:09'),
(878, 19, 'Humedad', 18, '2018-08-23', '11:04:06'),
(879, 23, 'Temperatura', 18, '2018-08-23', '11:04:06'),
(880, 20, 'Humedad', 18, '2018-08-23', '11:04:09'),
(881, 22, 'Temperatura', 18, '2018-08-23', '11:04:09'),
(882, 20, 'Humedad', 18, '2018-08-23', '11:09:22'),
(883, 22, 'Temperatura', 18, '2018-08-23', '11:09:22'),
(884, 19, 'Humedad', 18, '2018-08-23', '11:09:53'),
(885, 23, 'Temperatura', 18, '2018-08-23', '11:09:53'),
(886, 20, 'Humedad', 18, '2018-08-23', '11:11:53'),
(887, 22, 'Temperatura', 18, '2018-08-23', '11:11:53'),
(888, 19, 'Humedad', 18, '2018-08-23', '11:13:53'),
(889, 23, 'Temperatura', 18, '2018-08-23', '11:13:53'),
(890, 20, 'Humedad', 18, '2018-08-23', '11:15:53'),
(891, 22, 'Temperatura', 18, '2018-08-23', '11:15:53'),
(892, 19, 'Humedad', 18, '2018-08-23', '11:18:32'),
(893, 23, 'Temperatura', 18, '2018-08-23', '11:18:32'),
(894, 20, 'Humedad', 18, '2018-08-23', '11:20:32'),
(895, 22, 'Temperatura', 18, '2018-08-23', '11:20:32'),
(896, 20, 'Humedad', 18, '2018-08-27', '10:18:54'),
(897, 21, 'Temperatura', 18, '2018-08-27', '10:18:54'),
(898, 21, 'Humedad', 18, '2018-08-27', '10:22:19'),
(899, 19, 'Temperatura', 18, '2018-08-27', '10:22:19'),
(900, 21, 'Humedad', 18, '2018-08-27', '10:23:14'),
(901, 19, 'Temperatura', 18, '2018-08-27', '10:23:14'),
(902, 21, 'Humedad', 18, '2018-08-27', '10:25:14'),
(903, 19, 'Temperatura', 18, '2018-08-27', '10:25:14'),
(904, 30, 'Humedad', 18, '2018-08-27', '10:29:48'),
(905, 24, 'Temperatura', 18, '2018-08-27', '10:29:48'),
(906, 21, 'Humedad', 18, '2018-08-27', '10:37:18'),
(907, 20, 'Temperatura', 18, '2018-08-27', '10:37:18'),
(908, 21, 'Humedad', 18, '2018-08-27', '10:39:18'),
(909, 20, 'Temperatura', 18, '2018-08-27', '10:39:18'),
(910, 20, 'Humedad', 18, '2018-08-30', '08:04:14'),
(911, 22, 'Temperatura', 18, '2018-08-30', '08:04:14'),
(912, 20, 'Humedad', 18, '2018-08-30', '08:05:11'),
(913, 22, 'Temperatura', 18, '2018-08-30', '08:05:11'),
(914, 20, 'Humedad', 18, '2018-08-30', '08:07:11'),
(915, 22, 'Temperatura', 18, '2018-08-30', '08:07:11'),
(916, 20, 'Humedad', 18, '2018-08-30', '08:09:12'),
(917, 21, 'Temperatura', 18, '2018-08-30', '08:09:12'),
(918, 20, 'Humedad', 18, '2018-08-30', '08:11:14'),
(919, 21, 'Temperatura', 18, '2018-08-30', '08:11:14'),
(920, 21, 'Humedad', 18, '2018-08-30', '08:13:16'),
(921, 20, 'Temperatura', 18, '2018-08-30', '08:13:16'),
(922, 21, 'Humedad', 18, '2018-08-30', '09:09:58'),
(923, 20, 'Temperatura', 18, '2018-08-30', '09:09:58'),
(924, 20, 'Humedad', 18, '2018-08-30', '09:10:55'),
(925, 21, 'Temperatura', 18, '2018-08-30', '09:10:55'),
(926, 24, 'Humedad', 18, '2018-08-30', '09:11:02'),
(927, 23, 'Temperatura', 18, '2018-08-30', '09:11:02'),
(928, 20, 'Humedad', 18, '2018-08-30', '09:11:22'),
(929, 21, 'Temperatura', 18, '2018-08-30', '09:11:22'),
(930, 31, 'Humedad', 18, '2018-08-30', '09:11:25'),
(931, 23, 'Temperatura', 18, '2018-08-30', '09:11:25'),
(932, 18, 'Humedad', 18, '2018-08-30', '09:11:27'),
(933, 25, 'Temperatura', 18, '2018-08-30', '09:11:27'),
(934, 31, 'Humedad', 18, '2018-08-30', '09:11:29'),
(935, 22, 'Temperatura', 18, '2018-08-30', '09:11:29'),
(936, 20, 'Humedad', 18, '2018-08-30', '09:15:35'),
(937, 21, 'Temperatura', 18, '2018-08-30', '09:15:35'),
(938, 28, 'Humedad', 18, '2018-08-30', '09:16:34'),
(939, 24, 'Temperatura', 18, '2018-08-30', '09:16:34'),
(940, 27, 'Humedad', 18, '2018-08-30', '09:17:40'),
(941, 26, 'Temperatura', 18, '2018-08-30', '09:17:40'),
(942, 20, 'Humedad', 18, '2018-08-30', '09:19:42'),
(943, 21, 'Temperatura', 18, '2018-08-30', '09:19:42'),
(944, 20, 'Humedad', 18, '2018-08-30', '09:22:37'),
(945, 21, 'Temperatura', 18, '2018-08-30', '09:22:37'),
(946, 20, 'Humedad', 18, '2018-08-30', '09:23:42'),
(947, 21, 'Temperatura', 18, '2018-08-30', '09:23:42'),
(948, 20, 'Humedad', 18, '2018-08-30', '09:25:42'),
(949, 21, 'Temperatura', 18, '2018-08-30', '09:25:42'),
(950, 20, 'Humedad', 18, '2018-08-30', '09:26:15'),
(951, 21, 'Temperatura', 18, '2018-08-30', '09:26:15'),
(952, 20, 'Humedad', 18, '2018-08-30', '09:26:41'),
(953, 21, 'Temperatura', 18, '2018-08-30', '09:26:41'),
(954, 20, 'Humedad', 18, '2018-08-30', '09:27:42'),
(955, 21, 'Temperatura', 18, '2018-08-30', '09:27:42'),
(956, 19, 'Humedad', 18, '2018-08-30', '09:28:41'),
(957, 24, 'Temperatura', 18, '2018-08-30', '09:28:41'),
(958, 29, 'Humedad', 18, '2018-08-30', '09:29:42'),
(959, 21, 'Temperatura', 18, '2018-08-30', '09:29:42'),
(960, 20, 'Humedad', 18, '2018-08-30', '09:29:43'),
(961, 21, 'Temperatura', 18, '2018-08-30', '09:29:43'),
(962, 20, 'Humedad', 18, '2018-08-30', '09:30:43'),
(963, 21, 'Temperatura', 18, '2018-08-30', '09:30:43'),
(964, 20, 'Humedad', 18, '2018-08-30', '09:31:05'),
(965, 21, 'Temperatura', 18, '2018-08-30', '09:31:05'),
(966, 20, 'Humedad', 18, '2018-08-30', '09:31:45'),
(967, 21, 'Temperatura', 18, '2018-08-30', '09:31:45'),
(968, 20, 'Humedad', 18, '2018-08-30', '09:31:50'),
(969, 21, 'Temperatura', 18, '2018-08-30', '09:31:50'),
(970, 20, 'Humedad', 18, '2018-08-30', '09:32:43'),
(971, 21, 'Temperatura', 18, '2018-08-30', '09:32:43'),
(972, 20, 'Humedad', 18, '2018-08-30', '09:33:06'),
(973, 21, 'Temperatura', 18, '2018-08-30', '09:33:06'),
(974, 20, 'Humedad', 18, '2018-08-30', '09:33:50'),
(975, 21, 'Temperatura', 18, '2018-08-30', '09:33:50'),
(976, 20, 'Humedad', 18, '2018-08-30', '09:34:44'),
(977, 21, 'Temperatura', 18, '2018-08-30', '09:34:44'),
(978, 20, 'Humedad', 18, '2018-08-30', '09:35:06'),
(979, 21, 'Temperatura', 18, '2018-08-30', '09:35:06'),
(980, 20, 'Humedad', 18, '2018-08-30', '09:35:45'),
(981, 21, 'Temperatura', 18, '2018-08-30', '09:35:45'),
(982, 20, 'Humedad', 18, '2018-08-30', '09:35:50'),
(983, 21, 'Temperatura', 18, '2018-08-30', '09:35:50'),
(984, 20, 'Humedad', 18, '2018-08-30', '09:36:44'),
(985, 21, 'Temperatura', 18, '2018-08-30', '09:36:44'),
(986, 20, 'Humedad', 18, '2018-08-30', '09:37:06'),
(987, 21, 'Temperatura', 18, '2018-08-30', '09:37:06'),
(988, 20, 'Humedad', 18, '2018-08-30', '09:37:50'),
(989, 21, 'Temperatura', 18, '2018-08-30', '09:37:50'),
(990, 20, 'Humedad', 18, '2018-08-30', '09:39:06'),
(991, 21, 'Temperatura', 18, '2018-08-30', '09:39:06'),
(992, 20, 'Humedad', 18, '2018-08-30', '09:39:46'),
(993, 21, 'Temperatura', 18, '2018-08-30', '09:39:46'),
(994, 20, 'Humedad', 18, '2018-08-30', '09:39:51'),
(995, 21, 'Temperatura', 18, '2018-08-30', '09:39:51'),
(996, 20, 'Humedad', 18, '2018-08-30', '09:40:44'),
(997, 21, 'Temperatura', 18, '2018-08-30', '09:40:44'),
(998, 20, 'Humedad', 18, '2018-08-30', '09:41:06'),
(999, 21, 'Temperatura', 18, '2018-08-30', '09:41:06'),
(1000, 20, 'Humedad', 18, '2018-08-30', '09:41:46'),
(1001, 21, 'Temperatura', 18, '2018-08-30', '09:41:46'),
(1002, 20, 'Humedad', 18, '2018-08-30', '09:41:51'),
(1003, 21, 'Temperatura', 18, '2018-08-30', '09:41:51'),
(1004, 20, 'Humedad', 18, '2018-08-30', '09:42:44'),
(1005, 21, 'Temperatura', 18, '2018-08-30', '09:42:44'),
(1006, 20, 'Humedad', 18, '2018-08-30', '09:43:07'),
(1007, 21, 'Temperatura', 18, '2018-08-30', '09:43:07'),
(1008, 20, 'Humedad', 18, '2018-08-30', '09:43:46'),
(1009, 21, 'Temperatura', 18, '2018-08-30', '09:43:46'),
(1010, 20, 'Humedad', 18, '2018-08-30', '09:43:51'),
(1011, 21, 'Temperatura', 18, '2018-08-30', '09:43:51'),
(1012, 20, 'Humedad', 18, '2018-08-30', '09:44:45'),
(1013, 21, 'Temperatura', 18, '2018-08-30', '09:44:45'),
(1014, 20, 'Humedad', 18, '2018-08-30', '09:45:46'),
(1015, 21, 'Temperatura', 18, '2018-08-30', '09:45:46'),
(1016, 20, 'Humedad', 18, '2018-08-30', '09:45:51'),
(1017, 21, 'Temperatura', 18, '2018-08-30', '09:45:51'),
(1018, 20, 'Humedad', 18, '2018-08-30', '09:46:45'),
(1019, 21, 'Temperatura', 18, '2018-08-30', '09:46:45'),
(1020, 20, 'Humedad', 18, '2018-08-30', '09:47:07'),
(1021, 21, 'Temperatura', 18, '2018-08-30', '09:47:07'),
(1022, 20, 'Humedad', 18, '2018-08-30', '09:47:46'),
(1023, 21, 'Temperatura', 18, '2018-08-30', '09:47:46'),
(1024, 20, 'Humedad', 18, '2018-08-30', '09:47:51'),
(1025, 21, 'Temperatura', 18, '2018-08-30', '09:47:51'),
(1026, 20, 'Humedad', 18, '2018-08-30', '09:48:45'),
(1027, 21, 'Temperatura', 18, '2018-08-30', '09:48:45'),
(1028, 20, 'Humedad', 18, '2018-08-30', '09:49:07'),
(1029, 21, 'Temperatura', 18, '2018-08-30', '09:49:07'),
(1030, 20, 'Humedad', 18, '2018-08-30', '09:49:52'),
(1031, 21, 'Temperatura', 18, '2018-08-30', '09:49:52'),
(1032, 20, 'Humedad', 18, '2018-08-30', '09:50:45'),
(1033, 21, 'Temperatura', 18, '2018-08-30', '09:50:45'),
(1034, 20, 'Humedad', 18, '2018-08-30', '09:51:07'),
(1035, 21, 'Temperatura', 18, '2018-08-30', '09:51:07'),
(1036, 20, 'Humedad', 18, '2018-08-30', '09:51:47'),
(1037, 21, 'Temperatura', 18, '2018-08-30', '09:51:47'),
(1038, 20, 'Humedad', 18, '2018-08-30', '09:52:45'),
(1039, 21, 'Temperatura', 18, '2018-08-30', '09:52:45'),
(1040, 20, 'Humedad', 18, '2018-08-30', '09:53:07'),
(1041, 21, 'Temperatura', 18, '2018-08-30', '09:53:07'),
(1042, 20, 'Humedad', 18, '2018-08-30', '09:53:47'),
(1043, 21, 'Temperatura', 18, '2018-08-30', '09:53:47'),
(1044, 20, 'Humedad', 18, '2018-08-30', '09:54:45');
INSERT INTO `dato` (`IdDato`, `Dato`, `Tipo`, `IdSensor`, `Fecha`, `Hora`) VALUES
(1045, 21, 'Temperatura', 18, '2018-08-30', '09:54:45'),
(1046, 20, 'Humedad', 18, '2018-08-30', '09:55:08'),
(1047, 21, 'Temperatura', 18, '2018-08-30', '09:55:08'),
(1048, 20, 'Humedad', 18, '2018-08-30', '09:55:52'),
(1049, 21, 'Temperatura', 18, '2018-08-30', '09:55:52'),
(1050, 20, 'Humedad', 18, '2018-08-30', '09:56:46'),
(1051, 21, 'Temperatura', 18, '2018-08-30', '09:56:46'),
(1052, 20, 'Humedad', 18, '2018-08-30', '09:57:08'),
(1053, 21, 'Temperatura', 18, '2018-08-30', '09:57:08'),
(1054, 20, 'Humedad', 18, '2018-08-30', '09:57:47'),
(1055, 21, 'Temperatura', 18, '2018-08-30', '09:57:47'),
(1056, 20, 'Humedad', 18, '2018-08-30', '09:58:46'),
(1057, 21, 'Temperatura', 18, '2018-08-30', '09:58:46'),
(1058, 20, 'Humedad', 18, '2018-08-30', '09:59:08'),
(1059, 21, 'Temperatura', 18, '2018-08-30', '09:59:08'),
(1060, 20, 'Humedad', 18, '2018-08-30', '09:59:47'),
(1061, 21, 'Temperatura', 18, '2018-08-30', '09:59:47'),
(1062, 20, 'Humedad', 18, '2018-08-30', '10:00:46'),
(1063, 21, 'Temperatura', 18, '2018-08-30', '10:00:46'),
(1064, 20, 'Humedad', 18, '2018-08-30', '10:01:08'),
(1065, 21, 'Temperatura', 18, '2018-08-30', '10:01:08'),
(1066, 20, 'Humedad', 18, '2018-08-30', '10:01:48'),
(1067, 21, 'Temperatura', 18, '2018-08-30', '10:01:48'),
(1068, 20, 'Humedad', 18, '2018-08-30', '10:01:53'),
(1069, 21, 'Temperatura', 18, '2018-08-30', '10:01:53'),
(1070, 20, 'Humedad', 18, '2018-08-30', '10:03:08'),
(1071, 21, 'Temperatura', 18, '2018-08-30', '10:03:08'),
(1072, 20, 'Humedad', 18, '2018-08-30', '10:03:53'),
(1073, 21, 'Temperatura', 18, '2018-08-30', '10:03:53'),
(1074, 20, 'Humedad', 18, '2018-08-30', '10:04:46'),
(1075, 21, 'Temperatura', 18, '2018-08-30', '10:04:46'),
(1076, 20, 'Humedad', 18, '2018-08-30', '10:05:09'),
(1077, 21, 'Temperatura', 18, '2018-08-30', '10:05:09'),
(1078, 20, 'Humedad', 18, '2018-08-30', '10:05:48'),
(1079, 21, 'Temperatura', 18, '2018-08-30', '10:05:48'),
(1080, 20, 'Humedad', 18, '2018-08-30', '10:05:53'),
(1081, 21, 'Temperatura', 18, '2018-08-30', '10:05:53'),
(1082, 20, 'Humedad', 18, '2018-08-30', '10:06:46'),
(1083, 21, 'Temperatura', 18, '2018-08-30', '10:06:46'),
(1084, 20, 'Humedad', 18, '2018-08-30', '10:07:09'),
(1085, 21, 'Temperatura', 18, '2018-08-30', '10:07:09'),
(1086, 20, 'Humedad', 18, '2018-08-30', '10:07:48'),
(1087, 21, 'Temperatura', 18, '2018-08-30', '10:07:48'),
(1088, 20, 'Humedad', 18, '2018-08-30', '10:07:53'),
(1089, 21, 'Temperatura', 18, '2018-08-30', '10:07:53'),
(1090, 20, 'Humedad', 18, '2018-08-30', '10:08:47'),
(1091, 21, 'Temperatura', 18, '2018-08-30', '10:08:47'),
(1092, 20, 'Humedad', 18, '2018-08-30', '10:09:09'),
(1093, 21, 'Temperatura', 18, '2018-08-30', '10:09:09'),
(1094, 20, 'Humedad', 18, '2018-08-30', '10:09:48'),
(1095, 21, 'Temperatura', 18, '2018-08-30', '10:09:48'),
(1096, 20, 'Humedad', 18, '2018-08-30', '10:09:53'),
(1097, 21, 'Temperatura', 18, '2018-08-30', '10:09:53'),
(1098, 20, 'Humedad', 18, '2018-08-30', '10:10:47'),
(1099, 21, 'Temperatura', 18, '2018-08-30', '10:10:47'),
(1100, 20, 'Humedad', 18, '2018-08-30', '10:11:48'),
(1101, 21, 'Temperatura', 18, '2018-08-30', '10:11:48'),
(1102, 20, 'Humedad', 18, '2018-08-30', '10:11:53'),
(1103, 21, 'Temperatura', 18, '2018-08-30', '10:11:53'),
(1104, 20, 'Humedad', 18, '2018-08-30', '10:12:47'),
(1105, 21, 'Temperatura', 18, '2018-08-30', '10:12:47'),
(1106, 20, 'Humedad', 18, '2018-08-30', '10:13:49'),
(1107, 21, 'Temperatura', 18, '2018-08-30', '10:13:49'),
(1108, 20, 'Humedad', 18, '2018-08-30', '10:13:54'),
(1109, 21, 'Temperatura', 18, '2018-08-30', '10:13:54'),
(1110, 20, 'Humedad', 18, '2018-08-30', '10:14:47'),
(1111, 21, 'Temperatura', 18, '2018-08-30', '10:14:47'),
(1112, 20, 'Humedad', 18, '2018-08-30', '10:15:09'),
(1113, 21, 'Temperatura', 18, '2018-08-30', '10:15:09'),
(1114, 20, 'Humedad', 18, '2018-08-30', '10:15:49'),
(1115, 21, 'Temperatura', 18, '2018-08-30', '10:15:49'),
(1116, 20, 'Humedad', 18, '2018-08-30', '10:15:54'),
(1117, 21, 'Temperatura', 18, '2018-08-30', '10:15:54'),
(1118, 20, 'Humedad', 18, '2018-08-30', '10:17:10'),
(1119, 21, 'Temperatura', 18, '2018-08-30', '10:17:10'),
(1120, 20, 'Humedad', 18, '2018-08-30', '10:17:49'),
(1121, 21, 'Temperatura', 18, '2018-08-30', '10:17:49'),
(1122, 20, 'Humedad', 18, '2018-08-30', '10:18:47'),
(1123, 21, 'Temperatura', 18, '2018-08-30', '10:18:47'),
(1124, 20, 'Humedad', 18, '2018-08-30', '10:19:10'),
(1125, 21, 'Temperatura', 18, '2018-08-30', '10:19:10'),
(1126, 20, 'Humedad', 18, '2018-08-30', '10:19:49'),
(1127, 21, 'Temperatura', 18, '2018-08-30', '10:19:49'),
(1128, 20, 'Humedad', 18, '2018-08-30', '10:19:54'),
(1129, 21, 'Temperatura', 18, '2018-08-30', '10:19:54'),
(1130, 20, 'Humedad', 18, '2018-08-30', '10:20:48'),
(1131, 21, 'Temperatura', 18, '2018-08-30', '10:20:48'),
(1132, 20, 'Humedad', 18, '2018-08-30', '10:21:10'),
(1133, 21, 'Temperatura', 18, '2018-08-30', '10:21:10'),
(1134, 20, 'Humedad', 18, '2018-08-30', '10:21:49'),
(1135, 21, 'Temperatura', 18, '2018-08-30', '10:21:49'),
(1136, 20, 'Humedad', 18, '2018-08-30', '10:21:54'),
(1137, 21, 'Temperatura', 18, '2018-08-30', '10:21:54'),
(1138, 20, 'Humedad', 18, '2018-08-30', '10:22:48'),
(1139, 21, 'Temperatura', 18, '2018-08-30', '10:22:48'),
(1140, 20, 'Humedad', 18, '2018-08-30', '10:23:10'),
(1141, 21, 'Temperatura', 18, '2018-08-30', '10:23:10'),
(1142, 20, 'Humedad', 18, '2018-08-30', '10:23:49'),
(1143, 21, 'Temperatura', 18, '2018-08-30', '10:23:49'),
(1144, 20, 'Humedad', 18, '2018-08-30', '10:23:54'),
(1145, 21, 'Temperatura', 18, '2018-08-30', '10:23:54'),
(1146, 20, 'Humedad', 18, '2018-08-30', '10:25:55'),
(1147, 21, 'Temperatura', 18, '2018-08-30', '10:25:55'),
(1148, 20, 'Humedad', 18, '2018-08-30', '10:26:48'),
(1149, 21, 'Temperatura', 18, '2018-08-30', '10:26:48'),
(1150, 20, 'Humedad', 18, '2018-08-30', '10:27:10'),
(1151, 21, 'Temperatura', 18, '2018-08-30', '10:27:10'),
(1152, 20, 'Humedad', 18, '2018-08-30', '10:27:50'),
(1153, 21, 'Temperatura', 18, '2018-08-30', '10:27:50'),
(1154, 20, 'Humedad', 18, '2018-08-30', '10:27:55'),
(1155, 21, 'Temperatura', 18, '2018-08-30', '10:27:55'),
(1156, 20, 'Humedad', 18, '2018-08-30', '10:28:48'),
(1157, 21, 'Temperatura', 18, '2018-08-30', '10:28:48'),
(1158, 20, 'Humedad', 18, '2018-08-30', '10:29:11'),
(1159, 21, 'Temperatura', 18, '2018-08-30', '10:29:11'),
(1160, 20, 'Humedad', 18, '2018-08-30', '10:29:50'),
(1161, 21, 'Temperatura', 18, '2018-08-30', '10:29:50'),
(1162, 20, 'Humedad', 18, '2018-08-30', '10:30:49'),
(1163, 21, 'Temperatura', 18, '2018-08-30', '10:30:49'),
(1164, 20, 'Humedad', 18, '2018-08-30', '10:31:11'),
(1165, 21, 'Temperatura', 18, '2018-08-30', '10:31:11'),
(1166, 20, 'Humedad', 18, '2018-08-30', '10:31:50'),
(1167, 21, 'Temperatura', 18, '2018-08-30', '10:31:50'),
(1168, 20, 'Humedad', 18, '2018-08-30', '10:31:55'),
(1169, 21, 'Temperatura', 18, '2018-08-30', '10:31:55'),
(1170, 20, 'Humedad', 18, '2018-08-30', '10:32:49'),
(1171, 21, 'Temperatura', 18, '2018-08-30', '10:32:49'),
(1172, 20, 'Humedad', 18, '2018-08-30', '10:33:11'),
(1173, 21, 'Temperatura', 18, '2018-08-30', '10:33:11'),
(1174, 20, 'Humedad', 18, '2018-08-30', '10:33:50'),
(1175, 21, 'Temperatura', 18, '2018-08-30', '10:33:50'),
(1176, 20, 'Humedad', 18, '2018-08-30', '10:33:55'),
(1177, 21, 'Temperatura', 18, '2018-08-30', '10:33:55'),
(1178, 20, 'Humedad', 18, '2018-08-30', '10:35:11'),
(1179, 21, 'Temperatura', 18, '2018-08-30', '10:35:11'),
(1180, 20, 'Humedad', 18, '2018-08-30', '10:35:51'),
(1181, 21, 'Temperatura', 18, '2018-08-30', '10:35:51'),
(1182, 20, 'Humedad', 18, '2018-08-30', '10:35:56'),
(1183, 21, 'Temperatura', 18, '2018-08-30', '10:35:56'),
(1184, 20, 'Humedad', 18, '2018-08-30', '10:36:49'),
(1185, 21, 'Temperatura', 18, '2018-08-30', '10:36:49'),
(1186, 20, 'Humedad', 18, '2018-08-30', '10:37:11'),
(1187, 21, 'Temperatura', 18, '2018-08-30', '10:37:11'),
(1188, 20, 'Humedad', 18, '2018-08-30', '10:38:49'),
(1189, 21, 'Temperatura', 18, '2018-08-30', '10:38:49'),
(1190, 20, 'Humedad', 18, '2018-08-30', '10:39:11'),
(1191, 21, 'Temperatura', 18, '2018-08-30', '10:39:11'),
(1192, 20, 'Humedad', 18, '2018-08-30', '10:39:51'),
(1193, 21, 'Temperatura', 18, '2018-08-30', '10:39:51'),
(1194, 20, 'Humedad', 18, '2018-08-30', '10:40:49'),
(1195, 21, 'Temperatura', 18, '2018-08-30', '10:40:49'),
(1196, 20, 'Humedad', 18, '2018-08-30', '10:41:12'),
(1197, 21, 'Temperatura', 18, '2018-08-30', '10:41:12'),
(1198, 20, 'Humedad', 18, '2018-08-30', '10:41:51'),
(1199, 21, 'Temperatura', 18, '2018-08-30', '10:41:51'),
(1200, 20, 'Humedad', 18, '2018-08-30', '10:42:50'),
(1201, 21, 'Temperatura', 18, '2018-08-30', '10:42:50'),
(1202, 20, 'Humedad', 18, '2018-08-30', '10:43:12'),
(1203, 21, 'Temperatura', 18, '2018-08-30', '10:43:12'),
(1204, 20, 'Humedad', 18, '2018-08-30', '10:43:51'),
(1205, 21, 'Temperatura', 18, '2018-08-30', '10:43:51'),
(1206, 20, 'Humedad', 18, '2018-08-30', '10:43:56'),
(1207, 21, 'Temperatura', 18, '2018-08-30', '10:43:56'),
(1208, 20, 'Humedad', 18, '2018-08-30', '10:44:50'),
(1209, 21, 'Temperatura', 18, '2018-08-30', '10:44:50'),
(1210, 20, 'Humedad', 18, '2018-08-30', '10:45:12'),
(1211, 21, 'Temperatura', 18, '2018-08-30', '10:45:12'),
(1212, 20, 'Humedad', 18, '2018-08-30', '10:45:51'),
(1213, 21, 'Temperatura', 18, '2018-08-30', '10:45:51'),
(1214, 20, 'Humedad', 18, '2018-08-30', '10:46:50'),
(1215, 21, 'Temperatura', 18, '2018-08-30', '10:46:50'),
(1216, 20, 'Humedad', 18, '2018-08-30', '10:47:12'),
(1217, 21, 'Temperatura', 18, '2018-08-30', '10:47:12'),
(1218, 20, 'Humedad', 18, '2018-08-30', '10:47:52'),
(1219, 21, 'Temperatura', 18, '2018-08-30', '10:47:52'),
(1220, 20, 'Humedad', 18, '2018-08-30', '10:49:12'),
(1221, 21, 'Temperatura', 18, '2018-08-30', '10:49:12'),
(1222, 20, 'Humedad', 18, '2018-08-30', '10:49:57'),
(1223, 21, 'Temperatura', 18, '2018-08-30', '10:49:57'),
(1224, 20, 'Humedad', 18, '2018-08-30', '10:51:12'),
(1225, 21, 'Temperatura', 18, '2018-08-30', '10:51:12'),
(1226, 20, 'Humedad', 18, '2018-08-30', '10:51:52'),
(1227, 21, 'Temperatura', 18, '2018-08-30', '10:51:52'),
(1228, 20, 'Humedad', 18, '2018-08-30', '10:51:57'),
(1229, 21, 'Temperatura', 18, '2018-08-30', '10:51:57'),
(1230, 20, 'Humedad', 18, '2018-08-30', '10:52:50'),
(1231, 21, 'Temperatura', 18, '2018-08-30', '10:52:50'),
(1232, 20, 'Humedad', 18, '2018-08-30', '10:53:13'),
(1233, 21, 'Temperatura', 18, '2018-08-30', '10:53:13'),
(1234, 20, 'Humedad', 18, '2018-08-30', '10:53:52'),
(1235, 21, 'Temperatura', 18, '2018-08-30', '10:53:52'),
(1236, 20, 'Humedad', 18, '2018-08-30', '10:53:57'),
(1237, 21, 'Temperatura', 18, '2018-08-30', '10:53:57'),
(1238, 20, 'Humedad', 18, '2018-08-30', '10:54:51'),
(1239, 21, 'Temperatura', 18, '2018-08-30', '10:54:51'),
(1240, 20, 'Humedad', 18, '2018-08-30', '10:55:13'),
(1241, 21, 'Temperatura', 18, '2018-08-30', '10:55:13'),
(1242, 20, 'Humedad', 18, '2018-08-30', '10:55:52'),
(1243, 21, 'Temperatura', 18, '2018-08-30', '10:55:52'),
(1244, 20, 'Humedad', 18, '2018-08-30', '10:55:57'),
(1245, 21, 'Temperatura', 18, '2018-08-30', '10:55:57'),
(1246, 20, 'Humedad', 18, '2018-08-30', '10:56:51'),
(1247, 21, 'Temperatura', 18, '2018-08-30', '10:56:51'),
(1248, 20, 'Humedad', 18, '2018-08-30', '10:57:53'),
(1249, 21, 'Temperatura', 18, '2018-08-30', '10:57:53'),
(1250, 20, 'Humedad', 18, '2018-08-30', '10:57:57'),
(1251, 21, 'Temperatura', 18, '2018-08-30', '10:57:57'),
(1252, 20, 'Humedad', 18, '2018-08-30', '10:58:51'),
(1253, 21, 'Temperatura', 18, '2018-08-30', '10:58:51'),
(1254, 20, 'Humedad', 18, '2018-08-30', '10:59:13'),
(1255, 21, 'Temperatura', 18, '2018-08-30', '10:59:13'),
(1256, 20, 'Humedad', 18, '2018-08-30', '10:59:57'),
(1257, 21, 'Temperatura', 18, '2018-08-30', '10:59:57'),
(1258, 20, 'Humedad', 18, '2018-08-30', '11:00:51'),
(1259, 21, 'Temperatura', 18, '2018-08-30', '11:00:51'),
(1260, 20, 'Humedad', 18, '2018-08-30', '11:01:13'),
(1261, 21, 'Temperatura', 18, '2018-08-30', '11:01:13'),
(1262, 20, 'Humedad', 18, '2018-08-30', '11:01:53'),
(1263, 21, 'Temperatura', 18, '2018-08-30', '11:01:53'),
(1264, 20, 'Humedad', 18, '2018-08-30', '11:01:58'),
(1265, 21, 'Temperatura', 18, '2018-08-30', '11:01:58'),
(1266, 20, 'Humedad', 18, '2018-08-30', '11:02:52'),
(1267, 21, 'Temperatura', 18, '2018-08-30', '11:02:52'),
(1268, 20, 'Humedad', 18, '2018-08-30', '11:03:13'),
(1269, 21, 'Temperatura', 18, '2018-08-30', '11:03:13'),
(1270, 20, 'Humedad', 18, '2018-08-30', '11:03:53'),
(1271, 21, 'Temperatura', 18, '2018-08-30', '11:03:53'),
(1272, 20, 'Humedad', 18, '2018-08-30', '11:03:58'),
(1273, 21, 'Temperatura', 18, '2018-08-30', '11:03:58'),
(1274, 20, 'Humedad', 18, '2018-08-30', '11:04:52'),
(1275, 21, 'Temperatura', 18, '2018-08-30', '11:04:52'),
(1276, 20, 'Humedad', 18, '2018-08-30', '11:05:14'),
(1277, 21, 'Temperatura', 18, '2018-08-30', '11:05:14'),
(1278, 20, 'Humedad', 18, '2018-08-30', '11:05:53'),
(1279, 21, 'Temperatura', 18, '2018-08-30', '11:05:53'),
(1280, 20, 'Humedad', 18, '2018-08-30', '11:07:14'),
(1281, 21, 'Temperatura', 18, '2018-08-30', '11:07:14'),
(1282, 20, 'Humedad', 18, '2018-08-30', '11:07:53'),
(1283, 21, 'Temperatura', 18, '2018-08-30', '11:07:53'),
(1284, 20, 'Humedad', 18, '2018-08-30', '11:07:58'),
(1285, 21, 'Temperatura', 18, '2018-08-30', '11:07:58'),
(1286, 20, 'Humedad', 18, '2018-08-30', '11:08:52'),
(1287, 21, 'Temperatura', 18, '2018-08-30', '11:08:52'),
(1288, 20, 'Humedad', 18, '2018-08-30', '11:09:14'),
(1289, 21, 'Temperatura', 18, '2018-08-30', '11:09:14'),
(1290, 20, 'Humedad', 18, '2018-08-30', '11:09:53'),
(1291, 21, 'Temperatura', 18, '2018-08-30', '11:09:53'),
(1292, 20, 'Humedad', 18, '2018-08-30', '11:09:58'),
(1293, 21, 'Temperatura', 18, '2018-08-30', '11:09:58'),
(1294, 20, 'Humedad', 18, '2018-08-30', '11:10:52'),
(1295, 21, 'Temperatura', 18, '2018-08-30', '11:10:52'),
(1296, 20, 'Humedad', 18, '2018-08-30', '11:11:14'),
(1297, 21, 'Temperatura', 18, '2018-08-30', '11:11:14'),
(1298, 20, 'Humedad', 18, '2018-08-30', '11:11:54'),
(1299, 21, 'Temperatura', 18, '2018-08-30', '11:11:54'),
(1300, 20, 'Humedad', 18, '2018-08-30', '11:11:59'),
(1301, 21, 'Temperatura', 18, '2018-08-30', '11:11:59'),
(1302, 20, 'Humedad', 18, '2018-08-30', '11:13:15'),
(1303, 21, 'Temperatura', 18, '2018-08-30', '11:13:15'),
(1304, 20, 'Humedad', 18, '2018-08-30', '11:13:55'),
(1305, 21, 'Temperatura', 18, '2018-08-30', '11:13:55'),
(1306, 20, 'Humedad', 18, '2018-08-30', '11:13:59'),
(1307, 21, 'Temperatura', 18, '2018-08-30', '11:13:59'),
(1308, 20, 'Humedad', 18, '2018-08-30', '11:14:53'),
(1309, 21, 'Temperatura', 18, '2018-08-30', '11:14:53'),
(1310, 20, 'Humedad', 18, '2018-08-30', '11:15:15'),
(1311, 21, 'Temperatura', 18, '2018-08-30', '11:15:15'),
(1312, 20, 'Humedad', 18, '2018-08-30', '11:15:59'),
(1313, 21, 'Temperatura', 18, '2018-08-30', '11:15:59'),
(1314, 20, 'Humedad', 18, '2018-08-30', '11:16:53'),
(1315, 21, 'Temperatura', 18, '2018-08-30', '11:16:53'),
(1316, 20, 'Humedad', 18, '2018-08-30', '11:17:15'),
(1317, 21, 'Temperatura', 18, '2018-08-30', '11:17:15'),
(1318, 20, 'Humedad', 18, '2018-08-30', '11:17:55'),
(1319, 21, 'Temperatura', 18, '2018-08-30', '11:17:55'),
(1320, 20, 'Humedad', 18, '2018-08-30', '11:18:00'),
(1321, 21, 'Temperatura', 18, '2018-08-30', '11:18:00'),
(1322, 20, 'Humedad', 18, '2018-08-30', '11:18:53'),
(1323, 21, 'Temperatura', 18, '2018-08-30', '11:18:53'),
(1324, 20, 'Humedad', 18, '2018-08-30', '11:20:53'),
(1325, 21, 'Temperatura', 18, '2018-08-30', '11:20:53'),
(1326, 20, 'Humedad', 18, '2018-08-30', '11:21:16'),
(1327, 21, 'Temperatura', 18, '2018-08-30', '11:21:16'),
(1328, 20, 'Humedad', 18, '2018-08-30', '11:21:55'),
(1329, 21, 'Temperatura', 18, '2018-08-30', '11:21:55'),
(1330, 20, 'Humedad', 18, '2018-08-30', '11:22:00'),
(1331, 21, 'Temperatura', 18, '2018-08-30', '11:22:00'),
(1332, 20, 'Humedad', 18, '2018-08-30', '11:22:53'),
(1333, 21, 'Temperatura', 18, '2018-08-30', '11:22:53'),
(1334, 20, 'Humedad', 18, '2018-08-30', '11:24:00'),
(1335, 21, 'Temperatura', 18, '2018-08-30', '11:24:00'),
(1336, 20, 'Humedad', 18, '2018-08-30', '11:25:16'),
(1337, 21, 'Temperatura', 18, '2018-08-30', '11:25:16'),
(1338, 20, 'Humedad', 18, '2018-08-30', '11:26:00'),
(1339, 21, 'Temperatura', 18, '2018-08-30', '11:26:00'),
(1340, 20, 'Humedad', 18, '2018-08-30', '11:26:54'),
(1341, 21, 'Temperatura', 18, '2018-08-30', '11:26:54'),
(1342, 20, 'Humedad', 18, '2018-08-30', '11:27:16'),
(1343, 21, 'Temperatura', 18, '2018-08-30', '11:27:16'),
(1344, 20, 'Humedad', 18, '2018-08-30', '11:27:56'),
(1345, 21, 'Temperatura', 18, '2018-08-30', '11:27:56'),
(1346, 20, 'Humedad', 18, '2018-08-30', '11:28:00'),
(1347, 21, 'Temperatura', 18, '2018-08-30', '11:28:00'),
(1348, 20, 'Humedad', 18, '2018-08-30', '11:28:54'),
(1349, 21, 'Temperatura', 18, '2018-08-30', '11:28:54'),
(1350, 20, 'Humedad', 18, '2018-08-30', '11:29:16'),
(1351, 21, 'Temperatura', 18, '2018-08-30', '11:29:16'),
(1352, 20, 'Humedad', 18, '2018-08-30', '11:29:56'),
(1353, 21, 'Temperatura', 18, '2018-08-30', '11:29:56'),
(1354, 20, 'Humedad', 18, '2018-08-30', '11:30:00'),
(1355, 21, 'Temperatura', 18, '2018-08-30', '11:30:00'),
(1356, 20, 'Humedad', 18, '2018-08-30', '11:30:54'),
(1357, 21, 'Temperatura', 18, '2018-08-30', '11:30:54'),
(1358, 20, 'Humedad', 18, '2018-08-30', '11:31:16'),
(1359, 21, 'Temperatura', 18, '2018-08-30', '11:31:16'),
(1360, 20, 'Humedad', 18, '2018-08-30', '11:32:01'),
(1361, 21, 'Temperatura', 18, '2018-08-30', '11:32:01'),
(1362, 20, 'Humedad', 18, '2018-08-30', '11:32:54'),
(1363, 21, 'Temperatura', 18, '2018-08-30', '11:32:54'),
(1364, 20, 'Humedad', 18, '2018-08-30', '11:33:16'),
(1365, 21, 'Temperatura', 18, '2018-08-30', '11:33:16'),
(1366, 20, 'Humedad', 18, '2018-08-30', '11:33:56'),
(1367, 21, 'Temperatura', 18, '2018-08-30', '11:33:56'),
(1368, 20, 'Humedad', 18, '2018-08-30', '11:34:01'),
(1369, 21, 'Temperatura', 18, '2018-08-30', '11:34:01'),
(1370, 20, 'Humedad', 18, '2018-08-30', '11:35:17'),
(1371, 21, 'Temperatura', 18, '2018-08-30', '11:35:17'),
(1372, 20, 'Humedad', 18, '2018-08-30', '11:35:56'),
(1373, 21, 'Temperatura', 18, '2018-08-30', '11:35:56'),
(1374, 20, 'Humedad', 18, '2018-08-30', '11:37:17'),
(1375, 21, 'Temperatura', 18, '2018-08-30', '11:37:17'),
(1376, 20, 'Humedad', 18, '2018-08-30', '11:37:57'),
(1377, 21, 'Temperatura', 18, '2018-08-30', '11:37:57'),
(1378, 20, 'Humedad', 18, '2018-08-30', '11:38:01'),
(1379, 21, 'Temperatura', 18, '2018-08-30', '11:38:01'),
(1380, 20, 'Humedad', 18, '2018-08-30', '11:38:54'),
(1381, 21, 'Temperatura', 18, '2018-08-30', '11:38:54'),
(1382, 20, 'Humedad', 18, '2018-08-30', '11:39:17'),
(1383, 21, 'Temperatura', 18, '2018-08-30', '11:39:17'),
(1384, 20, 'Humedad', 18, '2018-08-30', '11:40:01'),
(1385, 21, 'Temperatura', 18, '2018-08-30', '11:40:01'),
(1386, 40, 'Humedad', 18, '2018-09-03', '08:33:25'),
(1387, 25, 'Temperatura', 18, '2018-09-03', '08:33:25'),
(1388, 19, 'Humedad', 18, '2018-08-30', '11:42:41'),
(1389, 23, 'Temperatura', 18, '2018-08-30', '11:42:41'),
(1390, 20, 'Humedad', 18, '2018-08-30', '11:44:41'),
(1391, 22, 'Temperatura', 18, '2018-08-30', '11:44:41'),
(1392, 19, 'Humedad', 18, '2018-09-03', '10:21:44'),
(1393, 23, 'Temperatura', 18, '2018-09-03', '10:21:44'),
(1394, 19, 'Humedad', 18, '2018-09-03', '10:23:44'),
(1395, 23, 'Temperatura', 18, '2018-09-03', '10:23:44'),
(1396, 19, 'Humedad', 18, '2018-09-03', '10:25:44'),
(1397, 23, 'Temperatura', 18, '2018-09-03', '10:25:44'),
(1398, 20, 'Humedad', 18, '2018-09-03', '10:27:44'),
(1399, 22, 'Temperatura', 18, '2018-09-03', '10:27:44'),
(1400, 19, 'Humedad', 18, '2018-09-03', '11:26:25'),
(1401, 23, 'Temperatura', 18, '2018-09-03', '11:26:25'),
(1402, 19, 'Humedad', 18, '2018-09-03', '11:28:26'),
(1403, 23, 'Temperatura', 18, '2018-09-03', '11:28:26'),
(1404, 19, 'Humedad', 18, '2018-09-03', '11:30:28'),
(1405, 24, 'Temperatura', 18, '2018-09-03', '11:30:28'),
(1406, 19, 'Humedad', 18, '2018-09-03', '11:32:28'),
(1407, 23, 'Temperatura', 18, '2018-09-03', '11:32:28'),
(1408, 16, 'Humedad', 18, '2018-09-03', '11:34:28'),
(1409, 30, 'Temperatura', 18, '2018-09-03', '11:34:28'),
(1410, 20, 'Humedad', 18, '2018-09-04', '08:16:28'),
(1411, 21, 'Temperatura', 18, '2018-09-04', '08:16:28'),
(1412, 20, 'Humedad', 18, '2018-09-04', '08:17:16'),
(1413, 21, 'Temperatura', 18, '2018-09-04', '08:17:16'),
(1414, 20, 'Humedad', 18, '2018-09-04', '08:19:17'),
(1415, 21, 'Temperatura', 18, '2018-09-04', '08:19:17'),
(1416, 20, 'Humedad', 18, '2018-09-04', '08:25:32'),
(1417, 22, 'Temperatura', 18, '2018-09-04', '08:25:32'),
(1418, 20, 'Humedad', 18, '2018-09-04', '08:26:27'),
(1419, 21, 'Temperatura', 18, '2018-09-04', '08:26:27'),
(1420, 20, 'Humedad', 18, '2018-09-04', '08:27:32'),
(1421, 21, 'Temperatura', 18, '2018-09-04', '08:27:32'),
(1422, 20, 'Humedad', 18, '2018-09-04', '08:27:34'),
(1423, 21, 'Temperatura', 18, '2018-09-04', '08:27:34'),
(1424, 20, 'Humedad', 18, '2018-09-04', '08:28:30'),
(1425, 21, 'Temperatura', 18, '2018-09-04', '08:28:30'),
(1426, 20, 'Humedad', 18, '2018-09-04', '08:29:32'),
(1427, 21, 'Temperatura', 18, '2018-09-04', '08:29:32'),
(1428, 20, 'Humedad', 18, '2018-09-04', '08:29:34'),
(1429, 21, 'Temperatura', 18, '2018-09-04', '08:29:34'),
(1430, 20, 'Humedad', 18, '2018-09-04', '08:30:30'),
(1431, 21, 'Temperatura', 18, '2018-09-04', '08:30:30'),
(1432, 20, 'Humedad', 18, '2018-09-04', '08:31:33'),
(1433, 21, 'Temperatura', 18, '2018-09-04', '08:31:33'),
(1434, 20, 'Humedad', 18, '2018-09-04', '08:31:34'),
(1435, 21, 'Temperatura', 18, '2018-09-04', '08:31:34'),
(1436, 20, 'Humedad', 18, '2018-09-04', '08:32:30'),
(1437, 21, 'Temperatura', 18, '2018-09-04', '08:32:30'),
(1438, 20, 'Humedad', 18, '2018-09-04', '08:33:33'),
(1439, 21, 'Temperatura', 18, '2018-09-04', '08:33:33'),
(1440, 20, 'Humedad', 18, '2018-09-04', '08:34:30'),
(1441, 21, 'Temperatura', 18, '2018-09-04', '08:34:30'),
(1442, 20, 'Humedad', 18, '2018-09-04', '08:35:33'),
(1443, 21, 'Temperatura', 18, '2018-09-04', '08:35:33'),
(1444, 20, 'Humedad', 18, '2018-09-04', '08:35:34'),
(1445, 21, 'Temperatura', 18, '2018-09-04', '08:35:34'),
(1446, 20, 'Humedad', 18, '2018-09-04', '08:36:30'),
(1447, 21, 'Temperatura', 18, '2018-09-04', '08:36:30'),
(1448, 20, 'Humedad', 18, '2018-09-04', '08:37:33'),
(1449, 21, 'Temperatura', 18, '2018-09-04', '08:37:33'),
(1450, 20, 'Humedad', 18, '2018-09-04', '08:38:31'),
(1451, 21, 'Temperatura', 18, '2018-09-04', '08:38:31'),
(1452, 21, 'Humedad', 18, '2018-09-06', '06:51:04'),
(1453, 23, 'Temperatura', 18, '2018-09-06', '06:51:04'),
(1454, 21, 'Humedad', 18, '2018-09-06', '07:43:07'),
(1455, 20, 'Temperatura', 18, '2018-09-06', '07:43:07'),
(1456, 21, 'Humedad', 18, '2018-09-06', '07:45:10'),
(1457, 20, 'Temperatura', 18, '2018-09-06', '07:45:10'),
(1458, 21, 'Humedad', 18, '2018-09-06', '07:47:10'),
(1459, 20, 'Temperatura', 18, '2018-09-06', '07:47:10'),
(1460, 19, 'Humedad', 18, '2018-09-06', '07:51:10'),
(1461, 23, 'Temperatura', 18, '2018-09-06', '07:51:10'),
(1462, 21, 'Humedad', 18, '2018-09-06', '08:00:03'),
(1463, 20, 'Temperatura', 18, '2018-09-06', '08:00:03'),
(1464, 21, 'Humedad', 18, '2018-09-06', '08:07:10'),
(1465, 20, 'Temperatura', 18, '2018-09-06', '08:07:10'),
(1466, 21, 'Humedad', 18, '2018-09-06', '08:09:11'),
(1467, 20, 'Temperatura', 18, '2018-09-06', '08:09:11'),
(1468, 21, 'Humedad', 18, '2018-09-06', '08:09:13'),
(1469, 20, 'Temperatura', 18, '2018-09-06', '08:09:13'),
(1470, 21, 'Humedad', 18, '2018-09-06', '08:11:11'),
(1471, 20, 'Temperatura', 18, '2018-09-06', '08:11:11'),
(1472, 21, 'Humedad', 18, '2018-09-06', '08:13:11'),
(1473, 20, 'Temperatura', 18, '2018-09-06', '08:13:11'),
(1474, 21, 'Humedad', 18, '2018-09-06', '08:15:11'),
(1475, 20, 'Temperatura', 18, '2018-09-06', '08:15:11'),
(1476, 20, 'Humedad', 18, '2018-09-07', '10:23:35'),
(1477, 22, 'Temperatura', 18, '2018-09-07', '10:23:35'),
(1478, 20, 'Humedad', 18, '2018-09-07', '10:27:40'),
(1479, 21, 'Temperatura', 18, '2018-09-07', '10:27:40'),
(1480, 20, 'Humedad', 18, '2018-09-07', '10:35:27'),
(1481, 22, 'Temperatura', 18, '2018-09-07', '10:35:27'),
(1482, 20, 'Humedad', 18, '2018-09-07', '11:43:20'),
(1483, 22, 'Temperatura', 18, '2018-09-07', '11:43:20'),
(1484, 20, 'Humedad', 18, '2018-09-07', '11:45:22'),
(1485, 22, 'Temperatura', 18, '2018-09-07', '11:45:22'),
(1486, 20, 'Humedad', 18, '2018-09-07', '11:47:22'),
(1487, 22, 'Temperatura', 18, '2018-09-07', '11:47:22'),
(1488, 23, 'Temperatura', 18, '2018-09-10', '18:48:09'),
(1489, 21, 'Temperatura', 18, '2018-09-10', '18:49:43'),
(1490, 21, 'Temperatura', 18, '2018-09-10', '18:55:53'),
(1491, 20, 'Temperatura', 18, '2018-09-10', '18:57:54'),
(1492, 20, 'Temperatura', 18, '2018-09-10', '19:47:07'),
(1493, 21, 'Temperatura', 18, '2018-09-10', '19:49:07'),
(1494, 21, 'Temperatura', 18, '2018-09-10', '19:51:08'),
(1495, 21, 'Temperatura', 18, '2018-09-10', '19:53:08'),
(1496, 21, 'Temperatura', 18, '2018-09-10', '19:55:08'),
(1497, 21, 'Temperatura', 18, '2018-09-10', '19:57:08'),
(1498, 20, 'Temperatura', 18, '2018-09-10', '19:59:08'),
(1499, 20, 'Temperatura', 18, '2018-09-10', '20:01:08'),
(1500, 18, 'Temperatura', 18, '2018-09-11', '02:49:58'),
(1501, 18, 'Temperatura', 18, '2018-09-11', '02:49:58'),
(1502, 19, 'Temperatura', 18, '2018-09-11', '08:38:26'),
(1503, 19, 'Temperatura', 18, '2018-09-11', '08:43:26'),
(1504, 19, 'Temperatura', 18, '2018-09-11', '08:44:36'),
(1505, 19, 'Temperatura', 18, '2018-09-11', '08:45:32'),
(1506, 19, 'Temperatura', 18, '2018-09-11', '08:48:12'),
(1507, 19, 'Temperatura', 18, '2018-09-11', '08:48:26'),
(1508, 20, 'Temperatura', 18, '2018-09-11', '08:56:59'),
(1509, 20, 'Temperatura', 18, '2018-09-11', '08:58:27'),
(1510, 20, 'Temperatura', 18, '2018-09-11', '09:01:59'),
(1511, 20, 'Temperatura', 18, '2018-09-11', '09:05:31'),
(1512, 20, 'Temperatura', 18, '2018-09-11', '09:10:31'),
(1513, 20, 'Temperatura', 18, '2018-09-11', '09:15:31'),
(1514, 21, 'Temperatura', 18, '2018-09-11', '09:28:34'),
(1515, 21, 'Temperatura', 18, '2018-09-11', '09:33:35'),
(1516, 21, 'Temperatura', 18, '2018-09-11', '09:38:35'),
(1517, 21, 'Temperatura', 18, '2018-09-11', '09:43:35'),
(1518, 21, 'Temperatura', 18, '2018-09-11', '09:53:35'),
(1519, 21, 'Temperatura', 18, '2018-09-11', '09:55:51'),
(1520, 27, 'Temperatura', 18, '2018-09-11', '10:03:36'),
(1521, 22, 'Temperatura', 18, '2018-09-11', '10:05:14'),
(1522, 21, 'Temperatura', 18, '2018-09-11', '10:08:36'),
(1523, 20, 'Temperatura', 18, '2018-09-11', '10:10:14'),
(1524, 20, 'Temperatura', 18, '2018-09-11', '10:13:37'),
(1525, 20, 'Temperatura', 18, '2018-09-11', '10:18:37'),
(1526, 20, 'Temperatura', 18, '2018-09-11', '10:20:48'),
(1527, 20, 'Temperatura', 18, '2018-09-11', '10:24:41'),
(1528, 20, 'Temperatura', 18, '2018-09-11', '10:33:31'),
(1529, 20, 'Temperatura', 18, '2018-09-11', '10:49:52'),
(1530, 20, 'Temperatura', 18, '2018-09-11', '10:50:43'),
(1531, 22, 'Temperatura', 18, '2018-09-11', '10:59:53'),
(1532, 21, 'Temperatura', 18, '2018-09-11', '11:04:53'),
(1533, 21, 'Temperatura', 18, '2018-09-11', '11:09:54'),
(1534, 21, 'Temperatura', 18, '2018-09-11', '11:14:55'),
(1535, 21, 'Temperatura', 18, '2018-09-11', '11:19:55'),
(1536, 21, 'Temperatura', 18, '2018-09-11', '11:24:55'),
(1537, 21, 'Temperatura', 18, '2018-09-11', '11:29:55'),
(1538, 21, 'Temperatura', 18, '2018-09-11', '11:34:55'),
(1539, 21, 'Temperatura', 18, '2018-09-11', '11:41:28'),
(1540, 20, 'Temperatura', 18, '2018-09-11', '11:46:28'),
(1541, 20, 'Temperatura', 18, '2018-09-11', '11:51:28'),
(1542, 20, 'Temperatura', 18, '2018-09-11', '11:56:29'),
(1543, 20, 'Temperatura', 18, '2018-09-11', '12:01:29'),
(1544, 20, 'Temperatura', 18, '2018-09-11', '12:04:57'),
(1545, 21, 'Temperatura', 18, '2018-09-11', '12:06:29'),
(1546, 21, 'Temperatura', 18, '2018-09-11', '12:09:38'),
(1547, 21, 'Temperatura', 18, '2018-09-11', '12:10:38'),
(1548, 21, 'Temperatura', 18, '2018-09-11', '12:12:31'),
(1549, 21, 'Temperatura', 18, '2018-09-11', '12:13:02'),
(1550, 21, 'Temperatura', 18, '2018-09-11', '12:13:32'),
(1551, 21, 'Temperatura', 18, '2018-09-11', '12:14:02'),
(1552, 21, 'Temperatura', 18, '2018-09-11', '12:14:32'),
(1553, 21, 'Temperatura', 18, '2018-09-11', '12:15:02'),
(1554, 21, 'Temperatura', 18, '2018-09-11', '12:15:32'),
(1555, 20, 'Temperatura', 18, '2018-09-12', '10:17:28'),
(1556, 21, 'Temperatura', 18, '2018-09-12', '10:18:59'),
(1557, 21, 'Temperatura', 18, '2018-09-12', '10:19:14'),
(1558, 21, 'Temperatura', 18, '2018-09-12', '10:19:29'),
(1559, 21, 'Temperatura', 18, '2018-09-12', '10:19:45'),
(1560, 21, 'Temperatura', 18, '2018-09-12', '10:19:59'),
(1561, 21, 'Temperatura', 18, '2018-09-12', '10:20:25'),
(1562, 20, 'Temperatura', 18, '2018-09-12', '10:20:29'),
(1563, 21, 'Temperatura', 18, '2018-09-12', '10:20:59'),
(1564, 20, 'Temperatura', 18, '2018-09-12', '10:21:29'),
(1565, 20, 'Temperatura', 18, '2018-09-12', '10:21:34'),
(1566, 20, 'Temperatura', 18, '2018-09-12', '10:22:00'),
(1567, 20, 'Temperatura', 18, '2018-09-12', '10:22:30'),
(1568, 21, 'Temperatura', 18, '2018-09-12', '10:22:34'),
(1569, 21, 'Temperatura', 18, '2018-09-12', '10:23:42'),
(1570, 20, 'Temperatura', 18, '2018-09-12', '10:24:13'),
(1571, 20, 'Temperatura', 18, '2018-09-12', '10:24:43'),
(1572, 21, 'Temperatura', 18, '2018-09-12', '10:25:13'),
(1573, 20, 'Temperatura', 18, '2018-09-12', '10:25:43'),
(1574, 20, 'Temperatura', 18, '2018-09-12', '10:26:13'),
(1575, 20, 'Temperatura', 18, '2018-09-12', '10:27:14'),
(1576, 20, 'Temperatura', 18, '2018-09-12', '10:27:44'),
(1577, 21, 'Temperatura', 18, '2018-09-12', '10:28:44'),
(1578, 20, 'Temperatura', 18, '2018-09-12', '10:29:14'),
(1579, 20, 'Temperatura', 18, '2018-09-12', '10:29:44'),
(1580, 20, 'Temperatura', 18, '2018-09-12', '10:30:14'),
(1581, 20, 'Temperatura', 18, '2018-09-12', '10:31:14'),
(1582, 20, 'Temperatura', 18, '2018-09-12', '10:31:45'),
(1583, 20, 'Temperatura', 18, '2018-09-12', '10:32:15'),
(1584, 20, 'Temperatura', 18, '2018-09-12', '10:32:45'),
(1585, 21, 'Temperatura', 18, '2018-09-12', '10:35:16'),
(1586, 21, 'Temperatura', 18, '2018-09-12', '10:38:48'),
(1587, 21, 'Temperatura', 18, '2018-09-12', '10:39:18'),
(1588, 21, 'Temperatura', 18, '2018-09-12', '10:39:48'),
(1589, 21, 'Temperatura', 18, '2018-09-12', '10:40:09'),
(1590, 0, 'Humedad', 19, '2018-09-12', '10:40:20'),
(1591, 100, 'Humedad', 19, '2018-09-12', '10:40:24'),
(1592, 21, 'Temperatura', 18, '2018-09-12', '10:40:49'),
(1593, 21, 'Temperatura', 18, '2018-09-12', '10:42:19'),
(1594, 21, 'Temperatura', 18, '2018-09-12', '10:42:49'),
(1595, 21, 'Temperatura', 18, '2018-09-12', '10:43:10'),
(1596, 21, 'Temperatura', 18, '2018-09-12', '10:43:19'),
(1597, 21, 'Temperatura', 18, '2018-09-12', '10:43:40'),
(1598, 21, 'Temperatura', 18, '2018-09-12', '10:43:49'),
(1599, 21, 'Temperatura', 18, '2018-09-12', '10:44:20'),
(1600, 21, 'Temperatura', 18, '2018-09-12', '10:44:50'),
(1601, 21, 'Temperatura', 18, '2018-09-12', '10:45:51'),
(1602, 21, 'Temperatura', 18, '2018-09-12', '10:48:22'),
(1603, 21, 'Temperatura', 18, '2018-09-12', '10:49:23'),
(1604, 21, 'Temperatura', 18, '2018-09-12', '10:51:57'),
(1605, 21, 'Temperatura', 18, '2018-09-12', '10:52:27'),
(1606, 21, 'Temperatura', 18, '2018-09-12', '10:57:06'),
(1607, 21, 'Temperatura', 18, '2018-09-12', '10:59:20'),
(1608, 21, 'Temperatura', 18, '2018-09-12', '11:13:27'),
(1609, 21, 'Temperatura', 18, '2018-09-12', '11:13:57'),
(1610, 21, 'Temperatura', 18, '2018-09-12', '11:14:28'),
(1611, 22, 'Temperatura', 18, '2018-09-12', '11:15:36'),
(1612, 21, 'Temperatura', 18, '2018-09-12', '11:16:07'),
(1613, 22, 'Temperatura', 18, '2018-09-12', '11:19:36'),
(1614, 21, 'Temperatura', 18, '2018-09-12', '11:20:06'),
(1615, 22, 'Temperatura', 18, '2018-09-12', '11:26:19'),
(1616, 22, 'Temperatura', 18, '2018-09-12', '11:26:58'),
(1617, 22, 'Temperatura', 18, '2018-09-12', '11:28:36'),
(1618, 22, 'Temperatura', 18, '2018-09-12', '11:29:37'),
(1619, 22, 'Temperatura', 18, '2018-09-12', '11:31:38'),
(1620, 23, 'Temperatura', 18, '2018-09-12', '11:36:10'),
(1621, 22, 'Temperatura', 18, '2018-09-12', '11:36:40'),
(1622, 22, 'Temperatura', 18, '2018-09-12', '11:37:10'),
(1623, 100, 'Humedad', 19, '2018-09-12', '11:40:04'),
(1624, 0, 'Humedad', 19, '2018-09-12', '11:41:46'),
(1625, 22, 'Temperatura', 18, '2018-09-12', '11:41:47'),
(1626, 100, 'Humedad', 19, '2018-09-12', '11:43:47'),
(1627, 22, 'Temperatura', 18, '2018-09-12', '11:43:47'),
(1628, 0, 'Humedad', 19, '2018-09-12', '11:45:47'),
(1629, 22, 'Temperatura', 18, '2018-09-12', '11:45:47'),
(1630, 22, 'Temperatura', 18, '2018-09-12', '12:20:23'),
(1631, 100, 'Humedad', 19, '2018-09-12', '13:25:23'),
(1632, 0, 'Humedad', 19, '2018-09-12', '13:26:10'),
(1633, 100, 'Humedad', 19, '2018-09-12', '15:56:38'),
(1634, 100, 'Humedad', 19, '2018-09-12', '15:59:59'),
(1635, 100, 'Humedad', 19, '2018-09-12', '16:01:59'),
(1636, 100, 'Humedad', 19, '2018-09-12', '16:03:59'),
(1637, 100, 'Humedad', 19, '2018-09-12', '16:05:59'),
(1638, 100, 'Humedad', 19, '2018-09-12', '16:07:59'),
(1639, 100, 'Humedad', 19, '2018-09-12', '16:10:00'),
(1640, 100, 'Humedad', 19, '2018-09-12', '16:12:00'),
(1641, 100, 'Humedad', 19, '2018-09-12', '16:14:00'),
(1642, 100, 'Humedad', 19, '2018-09-12', '16:16:00'),
(1643, 100, 'Humedad', 19, '2018-09-12', '16:18:00'),
(1644, 100, 'Humedad', 19, '2018-09-12', '16:20:00'),
(1645, 100, 'Humedad', 19, '2018-09-12', '16:22:01'),
(1646, 100, 'Humedad', 19, '2018-09-12', '16:24:01'),
(1647, 100, 'Humedad', 19, '2018-09-12', '16:26:01'),
(1648, 100, 'Humedad', 19, '2018-09-12', '16:28:01'),
(1649, 100, 'Humedad', 19, '2018-09-12', '16:30:01'),
(1650, 100, 'Humedad', 19, '2018-09-12', '16:32:02'),
(1651, 100, 'Humedad', 19, '2018-09-12', '16:34:02'),
(1652, 100, 'Humedad', 19, '2018-09-12', '16:36:02'),
(1653, 100, 'Humedad', 19, '2018-09-12', '16:38:02'),
(1654, 100, 'Humedad', 19, '2018-09-12', '16:40:02'),
(1655, 100, 'Humedad', 19, '2018-09-12', '16:42:02'),
(1656, 100, 'Humedad', 19, '2018-09-12', '16:44:03'),
(1657, 100, 'Humedad', 19, '2018-09-12', '16:46:03'),
(1658, 100, 'Humedad', 19, '2018-09-12', '16:48:03'),
(1659, 100, 'Humedad', 19, '2018-09-12', '16:50:04'),
(1660, 100, 'Humedad', 19, '2018-09-12', '16:52:04'),
(1661, 100, 'Humedad', 19, '2018-09-12', '16:54:04'),
(1662, 100, 'Humedad', 19, '2018-09-12', '16:56:04'),
(1663, 100, 'Humedad', 19, '2018-09-12', '16:58:04'),
(1664, 100, 'Humedad', 19, '2018-09-12', '17:00:05'),
(1665, 100, 'Humedad', 19, '2018-09-12', '17:02:05'),
(1666, 100, 'Humedad', 19, '2018-09-12', '17:04:05'),
(1667, 100, 'Humedad', 19, '2018-09-12', '17:06:05'),
(1668, 100, 'Humedad', 19, '2018-09-12', '17:08:05'),
(1669, 100, 'Humedad', 19, '2018-09-12', '17:10:05'),
(1670, 100, 'Humedad', 19, '2018-09-12', '17:12:05'),
(1671, 100, 'Humedad', 19, '2018-09-12', '17:14:06'),
(1672, 100, 'Humedad', 19, '2018-09-12', '17:16:06'),
(1673, 100, 'Humedad', 19, '2018-09-12', '17:18:06'),
(1674, 100, 'Humedad', 19, '2018-09-12', '17:20:06'),
(1675, 100, 'Humedad', 19, '2018-09-12', '17:22:06'),
(1676, 100, 'Humedad', 19, '2018-09-12', '17:24:06'),
(1677, 100, 'Humedad', 19, '2018-09-12', '17:26:07'),
(1678, 100, 'Humedad', 19, '2018-09-12', '17:28:07'),
(1679, 100, 'Humedad', 19, '2018-09-12', '17:30:07'),
(1680, 100, 'Humedad', 19, '2018-09-12', '17:32:07'),
(1681, 100, 'Humedad', 19, '2018-09-12', '17:34:07'),
(1682, 100, 'Humedad', 19, '2018-09-12', '17:36:08'),
(1683, 100, 'Humedad', 19, '2018-09-12', '17:38:08'),
(1684, 100, 'Humedad', 19, '2018-09-12', '17:40:09'),
(1685, 100, 'Humedad', 19, '2018-09-12', '17:42:09'),
(1686, 100, 'Humedad', 19, '2018-09-12', '17:44:09');

-- --------------------------------------------------------

--
-- Estructura de tabla para la tabla `modificacion`
--

CREATE TABLE IF NOT EXISTS `modificacion` (
`IdModificacion` int(11) NOT NULL,
  `IdActuador` int(11) NOT NULL,
  `Accion` varchar(10) NOT NULL,
  `Estado` varchar(10) NOT NULL,
  `Duracion` int(11) NOT NULL
) ENGINE=InnoDB AUTO_INCREMENT=53 DEFAULT CHARSET=latin1;

--
-- Volcado de datos para la tabla `modificacion`
--

INSERT INTO `modificacion` (`IdModificacion`, `IdActuador`, `Accion`, `Estado`, `Duracion`) VALUES
(1, 1, 'Bajar', 'Realizada', 0),
(2, 1, 'Bajar', 'Realizada', 0),
(3, 1, 'Bajar', 'Realizada', 0),
(4, 1, 'Subir', 'Realizada', 180),
(5, 1, 'Subir', 'Realizada', 130),
(6, 1, 'Subir', 'Realizada', 3),
(7, 1, 'Subir', 'Realizada', 3),
(8, 1, 'Bajar', 'Realizada', 0),
(9, 1, 'Subir', 'Realizada', 0),
(10, 1, 'Bajar', 'Realizada', 0),
(11, 1, 'Subir', 'Realizada', 3),
(12, 1, 'Bajar', 'Realizada', 3),
(13, 1, 'Subir', 'Realizada', 180),
(14, 1, 'Bajar', 'Realizada', 3),
(15, 1, 'Bajar', 'Realizada', 3),
(16, 1, 'Bajar', 'Realizada', 3),
(20, 1, 'Bajar', 'Realizada', 180),
(21, 1, 'Bajar', 'Realizada', 120),
(22, 1, 'Bajar', 'Realizada', 2),
(23, 1, 'Bajar', 'Realizada', 23),
(24, 1, 'Bajar', 'Realizada', 34),
(25, 1, 'Bajar', 'Realizada', 1),
(26, 1, 'Bajar', 'Realizada', 5),
(30, 1, 'Subir', 'Realizada', 10),
(31, 1, 'Bajar', 'Realizada', 10),
(32, 1, 'Subir', 'Realizada', 5),
(33, 1, 'Bajar', 'Realizada', 5),
(34, 1, 'Subir', 'Realizada', 5),
(35, 1, 'Bajar', 'Realizada', 5),
(36, 1, 'Subir', 'Realizada', 5),
(37, 1, 'Bajar', 'Realizada', 10),
(38, 1, 'Bajar', 'Realizada', 5),
(39, 1, 'Subir', 'Realizada', 11),
(40, 1, 'Subir', 'Realizada', 2),
(41, 1, 'Subir', 'Realizada', 6),
(42, 1, 'Bajar', 'Realizada', 10),
(43, 1, 'Subir', 'Realizada', 5),
(44, 1, 'Bajar', 'Realizada', 2),
(45, 1, 'Subir', 'Realizada', 5),
(46, 1, 'Bajar', 'Realizada', 10),
(48, 1, 'Subir', 'Realizada', 5),
(49, 1, 'Bajar', 'Realizada', 10),
(50, 1, 'Subir', 'Realizada', 5),
(51, 1, 'Bajar', 'Realizada', 15),
(52, 1, 'Subir', 'Realizada', 5);

-- --------------------------------------------------------

--
-- Estructura de tabla para la tabla `sensor`
--

CREATE TABLE IF NOT EXISTS `sensor` (
`IdSensor` int(11) NOT NULL,
  `Nombre` varchar(30) DEFAULT NULL,
  `Tipo` varchar(30) NOT NULL,
  `Caracteristicas` varchar(500) CHARACTER SET utf32 COLLATE utf32_spanish_ci NOT NULL
) ENGINE=InnoDB AUTO_INCREMENT=20 DEFAULT CHARSET=latin1;

--
-- Volcado de datos para la tabla `sensor`
--

INSERT INTO `sensor` (`IdSensor`, `Nombre`, `Tipo`, `Caracteristicas`) VALUES
(18, 'DHT11', 'Humedad y Temperatura', 'El sensor con una placa soldada, con tres pines disponibles para conectar, y una resistencia pull-up (normalmente de 4,7-10 k?) presoldada.\r\nSIG=GPIO17, VCC=50V, GND=GND'),
(19, 'YL-69', 'Humedad del suelo', 'Este sensor mide la humedad presente en el suelo que se encuentra alrededor de el, devuelve señal digital y analogica');

--
-- Índices para tablas volcadas
--

--
-- Indices de la tabla `actuador`
--
ALTER TABLE `actuador`
 ADD PRIMARY KEY (`IdActuador`), ADD KEY `IdSensor` (`IdSensor`);

--
-- Indices de la tabla `dato`
--
ALTER TABLE `dato`
 ADD PRIMARY KEY (`IdDato`), ADD KEY `IdSensor` (`IdSensor`);

--
-- Indices de la tabla `modificacion`
--
ALTER TABLE `modificacion`
 ADD PRIMARY KEY (`IdModificacion`), ADD KEY `IdActuador` (`IdActuador`);

--
-- Indices de la tabla `sensor`
--
ALTER TABLE `sensor`
 ADD PRIMARY KEY (`IdSensor`);

--
-- AUTO_INCREMENT de las tablas volcadas
--

--
-- AUTO_INCREMENT de la tabla `actuador`
--
ALTER TABLE `actuador`
MODIFY `IdActuador` int(11) NOT NULL AUTO_INCREMENT,AUTO_INCREMENT=3;
--
-- AUTO_INCREMENT de la tabla `dato`
--
ALTER TABLE `dato`
MODIFY `IdDato` int(11) NOT NULL AUTO_INCREMENT,AUTO_INCREMENT=1687;
--
-- AUTO_INCREMENT de la tabla `modificacion`
--
ALTER TABLE `modificacion`
MODIFY `IdModificacion` int(11) NOT NULL AUTO_INCREMENT,AUTO_INCREMENT=53;
--
-- AUTO_INCREMENT de la tabla `sensor`
--
ALTER TABLE `sensor`
MODIFY `IdSensor` int(11) NOT NULL AUTO_INCREMENT,AUTO_INCREMENT=20;
--
-- Restricciones para tablas volcadas
--

--
-- Filtros para la tabla `actuador`
--
ALTER TABLE `actuador`
ADD CONSTRAINT `actuador_ibfk_1` FOREIGN KEY (`IdSensor`) REFERENCES `sensor` (`IdSensor`);

--
-- Filtros para la tabla `dato`
--
ALTER TABLE `dato`
ADD CONSTRAINT `dato_ibfk_1` FOREIGN KEY (`IdSensor`) REFERENCES `sensor` (`IdSensor`);

--
-- Filtros para la tabla `modificacion`
--
ALTER TABLE `modificacion`
ADD CONSTRAINT `modificacion_ibfk_1` FOREIGN KEY (`IdActuador`) REFERENCES `actuador` (`IdActuador`) ON DELETE CASCADE ON UPDATE CASCADE;

/*!40101 SET CHARACTER_SET_CLIENT=@OLD_CHARACTER_SET_CLIENT */;
/*!40101 SET CHARACTER_SET_RESULTS=@OLD_CHARACTER_SET_RESULTS */;
/*!40101 SET COLLATION_CONNECTION=@OLD_COLLATION_CONNECTION */;
